Date,A2C,PPO,SAC,Equal_Weight,DJI
2023-06-01,0.0,0.0,0.0,0.0,
2023-06-02,0.02029381216706061,0.020298831902243242,0.017515116496364724,0.020308793492484378,
2023-06-03,0.02029381216706061,0.020298831902243242,0.017515116496364724,0.020308793492484378,
2023-06-04,0.02029381216706061,0.020298831902243242,0.017515116496364724,0.020308793492484378,
2023-06-05,0.01474749338373793,0.014746669933481948,0.011830828457704223,0.014758964375247707,
2023-06-06,0.015384375818351392,0.015378531259859551,0.013168960533527896,0.01539742300318081,
2023-06-07,0.016751844000946425,0.016739988308774212,0.01317400043393735,0.016781151729952315,
2023-06-08,0.02299499539079508,0.02297636931047209,0.019006805459240272,0.02301570113647111,
2023-06-09,0.02371876578791232,0.02371040391658008,0.01985382171249972,0.023742505903424194,
2023-06-10,0.02371876578791232,0.02371040391658008,0.01985382171249972,0.023742505903424194,
2023-06-11,0.02371876578791232,0.02371040391658008,0.01985382171249972,0.023742505903424194,
2023-06-12,0.030492481382602632,0.03048048579227225,0.02728222940702385,0.030517357739151985,
2023-06-13,0.03612341706718358,0.03610647264100919,0.03340792434193718,0.03614774513370578,
2023-06-14,0.03572317582005424,0.03571836390414873,0.03551980464534177,0.03574813381581232,
2023-06-15,0.04766174054418593,0.047654204944083345,0.047177268206643586,0.04768068384565871,
2023-06-16,0.04532675108097117,0.04530946412410253,0.04487383388466504,0.04534417379733635,
2023-06-17,0.04532675108097117,0.04530946412410253,0.04487383388466504,0.04534417379733635,
2023-06-18,0.04532675108097117,0.04530946412410253,0.04487383388466504,0.04534417379733635,
2023-06-19,0.04532675108097117,0.04530946412410253,0.04487383388466504,0.04534417379733635,
2023-06-20,0.03783941098682897,0.03783655458248769,0.03770560045474891,0.03785652193480993,
2023-06-21,0.034124616357202875,0.0341238263747321,0.031680208498353624,0.034144742877632916,
2023-06-22,0.0354378557747308,0.03543625460103472,0.033922666689089054,0.03544511678671136,
2023-06-23,0.028775901658195213,0.02878066576382987,0.026939815506316744,0.028789274250797803,
2023-06-24,0.028775901658195213,0.02878066576382987,0.026939815506316744,0.028789274250797803,
2023-06-25,0.028775901658195213,0.02878066576382987,0.026939815506316744,0.028789274250797803,
2023-06-26,0.027999955073264582,0.02799516895674703,0.025016275877857375,0.028016058458000703,
2023-06-27,0.03541607919642664,0.035424621620058216,0.0327588739232878,0.03543712326473081,
2023-06-28,0.033513956352098306,0.033518292102216796,0.0316780246856021,0.03353840800382857,
2023-06-29,0.04093697002524843,0.04095370895997741,0.039357559435005296,0.040970477111411,
2023-06-30,0.05075187964603889,0.050782953300218425,0.04912662941494994,0.05079058302632977,
2023-07-01,0.05075187964603889,0.050782953300218425,0.04912662941494994,0.05079058302632977,
2023-07-02,0.05075187964603889,0.050782953300218425,0.04912662941494994,0.05079058302632977,
2023-07-03,0.05149442203244181,0.051510485820448704,0.05046796068290105,0.05152914727573554,
2023-07-04,0.05149442203244181,0.051510485820448704,0.05046796068290105,0.05152914727573554,
2023-07-05,0.04811092108497572,0.04811715348626744,0.04590382744267729,0.04813908452135229,
2023-07-06,0.03654374762497614,0.03656647246351463,0.03415082393041691,0.03656625593097029,
2023-07-07,0.03175728471500783,0.03177126865198088,0.02917949357391092,0.03178225579322769,
2023-07-08,0.03175728471500783,0.03177126865198088,0.02917949357391092,0.03178225579322769,
2023-07-09,0.03175728471500783,0.03177126865198088,0.02917949357391092,0.03178225579322769,
2023-07-10,0.03529928042260577,0.035326646089987035,0.03242554599472558,0.03534672418647378,
2023-07-11,0.04576666388758244,0.04578429244058313,0.043032083868050686,0.04582321111906884,
2023-07-12,0.04911284377309211,0.04913039910468209,0.04772914680024365,0.04916170877046855,
2023-07-13,0.05383050859580196,0.05384504625941955,0.05422620783406562,0.05388119723813678,
2023-07-14,0.052634951319115775,0.05268043309504855,0.0514887494235039,0.05268227621193522,
2023-07-15,0.052634951319115775,0.05268043309504855,0.0514887494235039,0.05268227621193522,
2023-07-16,0.052634951319115775,0.05268043309504855,0.0514887494235039,0.05268227621193522,
2023-07-17,0.05204116499386102,0.05210147515276997,0.049957338428541664,0.05208736529959723,
2023-07-18,0.06028472297667853,0.060348870973158775,0.06038064453552061,0.06033468181417878,
2023-07-19,0.06629436267416922,0.06633570682350265,0.06748662602000488,0.0663430435681156,
2023-07-20,0.06921939776403563,0.0692636685298813,0.06743096559980577,0.06926691732422285,
2023-07-21,0.06982662727906885,0.06985617771696218,0.06755751101018692,0.06986942393590878,
2023-07-22,0.06982662727906885,0.06985617771696218,0.06755751101018692,0.06986942393590878,
2023-07-23,0.06982662727906885,0.06985617771696218,0.06755751101018692,0.06986942393590878,
2023-07-24,0.07380835009652786,0.07384716173034533,0.07024244451712103,0.07385123933544424,
2023-07-25,0.07686929010328081,0.07690770814915937,0.07474875556881955,0.07690890460508837,
2023-07-26,0.08100636904607783,0.08103198231530273,0.07797804800030139,0.0810567311329935,
2023-07-27,0.07302475159284527,0.0730727127271098,0.06845660943104304,0.07308641967067753,
2023-07-28,0.08008564358318204,0.08014726541434136,0.07585783517717126,0.08015826427021921,
2023-07-29,0.08008564358318204,0.08014726541434136,0.07585783517717126,0.08015826427021921,
2023-07-30,0.08008564358318204,0.08014726541434136,0.07585783517717126,0.08015826427021921,
2023-07-31,0.08296534405950284,0.08302254004988918,0.07925866342903154,0.08304735150510845,
2023-08-01,0.08319916999687527,0.08326630395159662,0.07818783807460372,0.08329465885959242,
2023-08-02,0.07148507115218616,0.0715318374553695,0.06434300027362538,0.07157412273866237,
2023-08-03,0.0692222012179522,0.06926512492712722,0.06169991720731449,0.06930746484791928,
2023-08-04,0.06742801301453105,0.06746472727905495,0.05975816080541252,0.06749462516633531,
2023-08-05,0.06742801301453105,0.06746472727905495,0.05975816080541252,0.06749462516633531,
2023-08-06,0.06742801301453105,0.06746472727905495,0.05975816080541252,0.06749462516633531,
2023-08-07,0.07852151483027558,0.07855589055191592,0.0693777771077504,0.0785887249009154,
2023-08-08,0.07422292896974247,0.07425869197279722,0.06558859293018315,0.07430143474594231,
2023-08-09,0.06774193560784969,0.06776815669226832,0.057228890647168074,0.06782038669142909,
2023-08-10,0.07064488313504813,0.07067485054414102,0.06117869280931054,0.07073161784966997,
2023-08-11,0.07249081561942639,0.0725128994851767,0.06191354039390751,0.07257742973324177,
2023-08-12,0.07249081561942639,0.0725128994851767,0.06191354039390751,0.07257742973324177,
2023-08-13,0.07249081561942639,0.0725128994851767,0.06191354039390751,0.07257742973324177,
2023-08-14,0.07619685601110615,0.07624626590082073,0.06730866029680915,0.07629228870944282,
2023-08-15,0.0650204225304496,0.06506398461737861,0.05631750746512654,0.06510634663369141,
2023-08-16,0.05960515760072371,0.05965360234158412,0.05091967221858895,0.05969550595701634,
2023-08-17,0.05413648850750863,0.054172410288566786,0.046110971866558215,0.054231405922192444,
2023-08-18,0.05554072238769736,0.05558590211394532,0.047106792776560935,0.05563953254669185,
2023-08-19,0.05554072238769736,0.05558590211394532,0.047106792776560935,0.05563953254669185,
2023-08-20,0.05554072238769736,0.05558590211394532,0.047106792776560935,0.05563953254669185,
2023-08-21,0.057430952232910615,0.05750547335777578,0.05097309240165249,0.057544920642284225,
2023-08-22,0.051468122106452574,0.05152507322975253,0.04413359000496819,0.05157207979288114,
2023-08-23,0.058459368003684675,0.05853036034758996,0.05206632018306245,0.05857128447817872,
2023-08-24,0.04721752756880271,0.047284864713322605,0.040160834986896266,0.04731571529373246,
2023-08-25,0.05332893310048159,0.05339109841894518,0.044974221801857395,0.0534252447999668,
2023-08-26,0.05332893310048159,0.05339109841894518,0.044974221801857395,0.0534252447999668,
2023-08-27,0.05332893310048159,0.05339109841894518,0.044974221801857395,0.0534252447999668,
2023-08-28,0.06033650434441329,0.06039720752706623,0.05263401999755746,0.060442648784930775,
2023-08-29,0.07107583226879388,0.07113389279522142,0.0657248138881934,0.07117852153367177,
2023-08-30,0.0731534637136988,0.07320577248644478,0.06784573375355252,0.07325778960362372,
2023-08-31,0.071936733886514,0.07197785323547112,0.06753003394403079,0.07204489609179676,
2023-09-01,0.07440079299583213,0.07443548486655494,0.06955449239019362,0.07451287573633336,
2023-09-02,0.07440079299583213,0.07443548486655494,0.06955449239019362,0.07451287573633336,
2023-09-03,0.07440079299583213,0.07443548486655494,0.06955449239019362,0.07451287573633336,
2023-09-04,0.07440079299583213,0.07443548486655494,0.06955449239019362,0.07451287573633336,
2023-09-05,0.0669228188284452,0.06697374526303213,0.06155777990626454,0.06703417938701328,
2023-09-06,0.06009574916055982,0.06014600050278407,0.0539382516205722,0.06020840796040461,
2023-09-07,0.06009138046495743,0.060137861702480366,0.051830908031261114,0.06020503859868698,
2023-09-08,0.06170680234862069,0.06175697385922785,0.054607976649691414,0.061823318222980816,
2023-09-09,0.06170680234862069,0.06175697385922785,0.054607976649691414,0.061823318222980816,
2023-09-10,0.06170680234862069,0.06175697385922785,0.054607976649691414,0.061823318222980816,
2023-09-11,0.06645605701216284,0.06650060471696628,0.05916557779567766,0.06656510821088935,
2023-09-12,0.06463405343398798,0.06467236349733829,0.056793074118037135,0.06475082006098853,
2023-09-13,0.06287356460509708,0.06291501863296323,0.05383140992780011,0.062974896885021,
2023-09-14,0.07161835827912588,0.07164320066343,0.06340249057044778,0.07171820197227419,
2023-09-15,0.06129709108177295,0.06132881593696382,0.05331342955290719,0.061410052440396434,
2023-09-16,0.06129709108177295,0.06132881593696382,0.05331342955290719,0.061410052440396434,
2023-09-17,0.06129709108177295,0.06132881593696382,0.05331342955290719,0.061410052440396434,
2023-09-18,0.06113716481751519,0.0611640303476324,0.05263398517737139,0.061249913517498866,
2023-09-19,0.05749213741200676,0.05751829763607175,0.04860159201700909,0.057604643448419424,
2023-09-20,0.05389855588144332,0.05392047686972434,0.04334490086000953,0.054008669483826655,
2023-09-21,0.03874665433708935,0.038793957817748526,0.028099092385005298,0.03886354372089995,
2023-09-22,0.03584080865330641,0.03589441479171218,0.02427382102067077,0.03596098843016127,
2023-09-23,0.03584080865330641,0.03589441479171218,0.02427382102067077,0.03596098843016127,
2023-09-24,0.03584080865330641,0.03589441479171218,0.02427382102067077,0.03596098843016127,
2023-09-25,0.036743682062306826,0.03680587009715941,0.024936824022002924,0.03686681682818582,
2023-09-26,0.02457581793471797,0.02464536343815138,0.01345546033779299,0.024702876069346402,
2023-09-27,0.021734229559580154,0.021819956960127396,0.01014165558424196,0.021870514616163295,
2023-09-28,0.024985119166975878,0.025097742499120113,0.014731016215279613,0.025137002384843177,
2023-09-29,0.02254913528669711,0.02265356470208313,0.01405044294272284,0.022699730392563566,
2023-09-30,0.02254913528669711,0.02265356470208313,0.01405044294272284,0.022699730392563566,
2023-10-01,0.02254913528669711,0.02265356470208313,0.01405044294272284,0.022699730392563566,
2023-10-02,0.019907456237569843,0.020037061049027693,0.01228647798684146,0.02006244400874979,
2023-10-03,0.007425194366951882,0.007561416738427029,-0.0012550715297617865,0.007582431256307309,
2023-10-04,0.011853147216088766,0.011997121179168735,0.004540670387600532,0.012013076765400754,
2023-10-05,0.01107558609159609,0.011241104251575207,0.006186569810729736,0.01124869229734049,
2023-10-06,0.019721862011802482,0.019902577950815292,0.01647419295753383,0.019898645923811076,
2023-10-07,0.019721862011802482,0.019902577950815292,0.01647419295753383,0.019898645923811076,
2023-10-08,0.019721862011802482,0.019902577950815292,0.01647419295753383,0.019898645923811076,
2023-10-09,0.024495855736167416,0.02467795309831544,0.02096737668160764,0.02468034934627128,
2023-10-10,0.030092843401486657,0.030264327666836843,0.025722879771238105,0.030270476678815106,
2023-10-11,0.03227505273958564,0.032442341599540514,0.029764685697141635,0.032447782610011355,
2023-10-12,0.026244180276866702,0.02642970416522261,0.02479098324446838,0.026428948677773567,
2023-10-13,0.024656402193441673,0.02485963501504096,0.022141666442858865,0.024850585811851955,
2023-10-14,0.024656402193441673,0.02485963501504096,0.022141666442858865,0.024850585811851955,
2023-10-15,0.024656402193441673,0.02485963501504096,0.022141666442858865,0.024850585811851955,
2023-10-16,0.03597650912977679,0.03617356099542546,0.033951053916887686,0.03617132027866998,
2023-10-17,0.036079861847245764,0.036270345150868355,0.03267812323985031,0.036276862958032785,
2023-10-18,0.023972161185150664,0.024155429065930933,0.018422830830277404,0.02416228799813025,
2023-10-19,0.017293961073955755,0.017466710453843293,0.012446580251731065,0.01746940238887351,
2023-10-20,0.008657262691329715,0.008810685919598882,0.003283947298700296,0.008815229068530606,
2023-10-21,0.008657262691329715,0.008810685919598882,0.003283947298700296,0.008815229068530606,
2023-10-22,0.008657262691329715,0.008810685919598882,0.003283947298700296,0.008815229068530606,
2023-10-23,0.005849801937622745,0.006003197702624918,0.002134373836610859,0.0060076726453992535,
2023-10-24,0.015767546975341995,0.015924665681914307,0.01278682808344489,0.015913555057317286,
2023-10-25,0.00867575393840947,0.008851153467063888,0.004155604836924454,0.008818030575588054,
2023-10-26,0.0015933616582375354,0.0017242158847805555,-0.00387648484216907,0.0017075204162664281,
2023-10-27,-0.00826654576833774,-0.008126147531232863,-0.014981941374120678,-0.008156884388678343,
2023-10-28,-0.00826654576833774,-0.008126147531232863,-0.014981941374120678,-0.008156884388678343,
2023-10-29,-0.00826654576833774,-0.008126147531232863,-0.014981941374120678,-0.008156884388678343,
2023-10-30,0.007842842853234,0.007989196181762637,0.0010175030890908765,0.00795530365172703,
2023-10-31,0.013046492812289978,0.013190889952801488,0.006381436524809381,0.01315263710803305,
2023-11-01,0.02019435076320253,0.02034262604970083,0.013749353361188765,0.020293156774792598,
2023-11-02,0.03814539236554437,0.03830247560243594,0.03288014771707193,0.038259645264422604,
2023-11-03,0.0462432436912954,0.04639925946203971,0.043769005664672234,0.04635870464651681,
2023-11-04,0.0462432436912954,0.04639925946203971,0.043769005664672234,0.04635870464651681,
2023-11-05,0.0462432436912954,0.04639925946203971,0.043769005664672234,0.04635870464651681,
2023-11-06,0.04784827150827198,0.04800805685383369,0.045894774999807764,0.04796079098556372,
2023-11-07,0.05021704851610709,0.05039005961770604,0.04950098146714366,0.05032822645974666,
2023-11-08,0.04954921221361519,0.04973522548315423,0.050333869884005455,0.049664033620730574,
2023-11-09,0.0444820393930454,0.04466911827704889,0.04497737434028637,0.04460280046327658,
2023-11-10,0.05542747460973718,0.05562721952243521,0.05556721336396331,0.055546478954439094,
2023-11-11,0.05542747460973718,0.05562721952243521,0.05556721336396331,0.055546478954439094,
2023-11-12,0.05542747460973718,0.05562721952243521,0.05556721336396331,0.055546478954439094,
2023-11-13,0.05723707292116731,0.05742860742279654,0.05619384839803199,0.057348634869117454,
2023-11-14,0.07275500095973642,0.07293569323543592,0.07344023660060772,0.07286910413247871,
2023-11-15,0.0772122525319876,0.0773968872738362,0.07825755639215215,0.0773337111016621,
2023-11-16,0.07456934756134626,0.0747381713572175,0.07648128032858192,0.07467318803824674,
2023-11-17,0.07543652419669833,0.0756063619704197,0.07625776774864779,0.07554609313396243,
2023-11-18,0.07543652419669833,0.0756063619704197,0.07625776774864779,0.07554609313396243,
2023-11-19,0.07543652419669833,0.0756063619704197,0.07625776774864779,0.07554609313396243,
2023-11-20,0.08298478898020178,0.08316678346358009,0.08477984794570537,0.08310274765977255,
2023-11-21,0.08111846051499128,0.08129974585738253,0.08139352572338354,0.08123180724233547,
2023-11-22,0.08592761147429906,0.08609027736012842,0.08592819590796252,0.08603188021900343,
2023-11-23,0.08592761147429906,0.08609027736012842,0.08592819590796252,0.08603188021900343,
2023-11-24,0.08873450331578203,0.08888809892070815,0.08792207017123999,0.08883429229844308,
2023-11-25,0.08873450331578203,0.08888809892070815,0.08792207017123999,0.08883429229844308,
2023-11-26,0.08873450331578203,0.08888809892070815,0.08792207017123999,0.08883429229844308,
2023-11-27,0.0880273981650197,0.08818612522946667,0.08709785830996775,0.08812768844330021,
2023-11-28,0.08932041963431891,0.0894713616231253,0.087676403052392,0.08941381502828971,
2023-11-29,0.09145776426471652,0.09161115724595237,0.09172513735888099,0.09155889554040164,
2023-11-30,0.10431689114325993,0.10446329336585825,0.10459627819569328,0.10442905739836328,
2023-12-01,0.11416875784749925,0.11429393811579724,0.11527069458082861,0.1142810053442953,
2023-12-02,0.11416875784749925,0.11429393811579724,0.11527069458082861,0.1142810053442953,
2023-12-03,0.11416875784749925,0.11429393811579724,0.11527069458082861,0.1142810053442953,
2023-12-04,0.11255863265351795,0.11266830307773112,0.11302522863141262,0.11266426922610728,
2023-12-05,0.11190112321197465,0.11202943326495318,0.11320430821850613,0.11200882059443207,
2023-12-06,0.10901161118984493,0.10913341387155917,0.10963933541635207,0.10911801055458659,
2023-12-07,0.11250205064691987,0.1126325675652462,0.11415677402399882,0.11261627447951827,
2023-12-08,0.1156626961971976,0.11580209062693836,0.11810161306029254,0.11577728392995423,
2023-12-09,0.1156626961971976,0.11580209062693836,0.11810161306029254,0.11577728392995423,
2023-12-10,0.1156626961971976,0.11580209062693836,0.11810161306029254,0.11577728392995423,
2023-12-11,0.11969510839266295,0.11981967302586294,0.12086482043997093,0.11980584514985426,
2023-12-12,0.12489733489264232,0.12502706239950823,0.12634765951107463,0.12501054784442545,
2023-12-13,0.1395940623465528,0.13971707435345748,0.14149739802751604,0.13970915081323665,
2023-12-14,0.14498437155189525,0.1450838497822058,0.1486007156160143,0.14510374967027984,
2023-12-15,0.14699806254316838,0.14711302755074418,0.15079959457374525,0.14711796603791538,
2023-12-16,0.14699806254316838,0.14711302755074418,0.15079959457374525,0.14711796603791538,
2023-12-17,0.14699806254316838,0.14711302755074418,0.15079959457374525,0.14711796603791538,
2023-12-18,0.15076669539237497,0.15088918423799735,0.1542796228460379,0.15088596800437193,
2023-12-19,0.1564642668174161,0.15659226834652817,0.16021691877978705,0.15659447957524497,
2023-12-20,0.14072172744432376,0.1408454215089734,0.14367920689301927,0.14084463487776677,
2023-12-21,0.1505805953086048,0.15071034137857264,0.154560563590026,0.15070925092840826,
2023-12-22,0.1489829661088724,0.14910095548580027,0.1509875112731458,0.14910120819101347,
2023-12-23,0.1489829661088724,0.14910095548580027,0.1509875112731458,0.14910120819101347,
2023-12-24,0.1489829661088724,0.14910095548580027,0.1509875112731458,0.14910120819101347,
2023-12-25,0.1489829661088724,0.14910095548580027,0.1509875112731458,0.14910120819101347,
2023-12-26,0.15357997797458744,0.1536951101113524,0.1547670492178561,0.15369971096259505,
2023-12-27,0.15611729973680277,0.15623549999540542,0.15707003054435265,0.15623870966241205,
2023-12-28,0.1580760830031367,0.15819556554249004,0.1602413823072677,0.15820005940463755,
2023-12-29,0.15743723811597543,0.15755810952707527,0.15912410647055308,0.15756041744389804,
2023-12-30,0.15743723811597543,0.15755810952707527,0.15912410647055308,0.15756041744389804,
2023-12-31,0.15743723811597543,0.15755810952707527,0.15912410647055308,0.15756041744389804,
2024-01-01,0.15743723811597543,0.15755810952707527,0.15912410647055308,0.15756041744389804,
2024-01-02,0.1575595478790104,0.1576746667056219,0.15900520335696733,0.15768443916044905,
2024-01-03,0.15001180129722536,0.15013868262493468,0.15194352135776867,0.15014859872407071,
2024-01-04,0.14930749105798236,0.14942191549914585,0.1513324166426826,0.1494394744432883,
2024-01-05,0.1517512584175309,0.151865083599235,0.15473295817477095,0.15188768672274877,
2024-01-06,0.1517512584175309,0.151865083599235,0.15473295817477095,0.15188768672274877,
2024-01-07,0.1517512584175309,0.151865083599235,0.15473295817477095,0.15188768672274877,
2024-01-08,0.16077237786300014,0.1609755901649328,0.16715303493034184,0.16096612656316234,
2024-01-09,0.1568761364893907,0.1571122453220768,0.1625010692049771,0.15707988455300592,
2024-01-10,0.16273400794619097,0.16298503001687137,0.16753506504091797,0.1629377439798778,
2024-01-11,0.1631281438610126,0.1634033339303398,0.16841861091103394,0.16333599096662543,
2024-01-12,0.163528989099881,0.1637847889291706,0.16986980558039644,0.1637283082056864,
2024-01-13,0.163528989099881,0.1637847889291706,0.16986980558039644,0.1637283082056864,
2024-01-14,0.163528989099881,0.1637847889291706,0.16986980558039644,0.1637283082056864,
2024-01-15,0.163528989099881,0.1637847889291706,0.16986980558039644,0.1637283082056864,
2024-01-16,0.15800042038702378,0.15826710585927306,0.16697561555893348,0.15820679080577227,
2024-01-17,0.15368325366807678,0.15394753379480397,0.16151511307002986,0.15388052024121968,
2024-01-18,0.16236863861956818,0.16262438479094232,0.1708003241087126,0.16256450354970675,
2024-01-19,0.17602848140081107,0.17629856720871118,0.18528173499531286,0.17623297781886094,
2024-01-20,0.17602848140081107,0.17629856720871118,0.18528173499531286,0.17623297781886094,
2024-01-21,0.17602848140081107,0.17629856720871118,0.18528173499531286,0.17623297781886094,
2024-01-22,0.1800565030761092,0.18031374051333993,0.19010504620320323,0.18026046960348618,
2024-01-23,0.1785182466185431,0.17875342013082052,0.18750484300828685,0.17871177383515136,
2024-01-24,0.1744650196827382,0.17469344466531722,0.18308202785589667,0.17464905311168333,
2024-01-25,0.18638327620698347,0.1866153738248486,0.1960654394156729,0.18657601147944325,
2024-01-26,0.18971274607919542,0.18993697260433295,0.2002686236456075,0.18990670760558093,
2024-01-27,0.18971274607919542,0.18993697260433295,0.2002686236456075,0.18990670760558093,
2024-01-28,0.18971274607919542,0.18993697260433295,0.2002686236456075,0.18990670760558093,
2024-01-29,0.1974137720215059,0.19765951859689168,0.20927167093928922,0.19762219192830588,
2024-01-30,0.20055507724907207,0.2008096348785826,0.21251330705075389,0.20077972885718798,
2024-01-31,0.1879945599448285,0.1882123933236417,0.19704289627228477,0.18818002542328105,
2024-02-01,0.20143164988305928,0.20164776665987483,0.21163498920296275,0.20162275658592188,
2024-02-02,0.20863416556675096,0.20888947957887338,0.21822719168057314,0.20883606396493892,
2024-02-03,0.20863416556675096,0.20888947957887338,0.21822719168057314,0.20883606396493892,
2024-02-04,0.20863416556675096,0.20888947957887338,0.21822719168057314,0.20883606396493892,
2024-02-05,0.20158435132706942,0.20186838660834439,0.21248110111582807,0.20180112309272236,
2024-02-06,0.20609312678919323,0.2063785201398569,0.21707956060037836,0.20631455827643408,
2024-02-07,0.21045711888783747,0.21074624091705574,0.22015993274346535,0.2106588848066966,
2024-02-08,0.21402962437198414,0.21431148169281355,0.2257911447543517,0.21424533492123676,
2024-02-09,0.2144534114052259,0.21475051260863331,0.226687523140507,0.21466120466698202,
2024-02-10,0.2144534114052259,0.21475051260863331,0.226687523140507,0.21466120466698202,
2024-02-11,0.2144534114052259,0.21475051260863331,0.226687523140507,0.21466120466698202,
2024-02-12,0.21821387231058642,0.21850482191665677,0.23074732134316545,0.21843034260173466,
2024-02-13,0.20467328008555108,0.2049825475588276,0.21702681383144595,0.20489821670499153,
2024-02-14,0.21065467650300485,0.21098176310499794,0.22483307243628525,0.21088801317984895,
2024-02-15,0.21982477691424074,0.2201503281400854,0.2318800994048824,0.22006508196850305,
2024-02-16,0.21489913534088267,0.2152163106659304,0.2251522208679022,0.21513199843668862,
2024-02-17,0.21489913534088267,0.2152163106659304,0.2251522208679022,0.21513199843668862,
2024-02-18,0.21489913534088267,0.2152163106659304,0.2251522208679022,0.21513199843668862,
2024-02-19,0.21489913534088267,0.2152163106659304,0.2251522208679022,0.21513199843668862,
2024-02-20,0.21237160347626083,0.21266317318149408,0.2209750862502342,0.21258508511594454,
2024-02-21,0.21396366399382183,0.214240683214858,0.22251587063196943,0.21416769439977457,
2024-02-22,0.23314833885477948,0.2335020223138684,0.24333097401088266,0.23337247171684417,
2024-02-23,0.23544250021918622,0.23579877305218155,0.24591327700329924,0.2356689012488713,
2024-02-24,0.23544250021918622,0.23579877305218155,0.24591327700329924,0.2356689012488713,
2024-02-25,0.23544250021918622,0.23579877305218155,0.24591327700329924,0.2356689012488713,
2024-02-26,0.232561922011572,0.23292590468557295,0.2424978370319324,0.2327959277338596,
2024-02-27,0.23203841455215723,0.23240623162498597,0.24320485646698375,0.2322782866527704,
2024-02-28,0.2326869254677315,0.2330334675453254,0.2432711225497708,0.23291722207944976,
2024-02-29,0.23458432987582856,0.23494881136392265,0.24666640286823394,0.2348256859298663,
2024-03-01,0.2381819470466482,0.238567236073711,0.25160516124118804,0.2384391164789803,
2024-03-02,0.2381819470466482,0.238567236073711,0.25160516124118804,0.2384391164789803,
2024-03-03,0.2381819470466482,0.238567236073711,0.25160516124118804,0.2384391164789803,
2024-03-04,0.23738583506755995,0.23775840187901087,0.2510832285213507,0.2376341997240392,
2024-03-05,0.2292423440891953,0.22962100664306573,0.24101781442895964,0.2294946220812677,
2024-03-06,0.23246129615372357,0.2328569566133909,0.24345375327472185,0.23272347093459023,
2024-03-07,0.2377911049665653,0.23820130167630116,0.24869856671378132,0.23805419696426844,
2024-03-08,0.23509104180995277,0.2354944127730112,0.2469905008308324,0.2353581335543502,
2024-03-09,0.23509104180995277,0.2354944127730112,0.2469905008308324,0.2353581335543502,
2024-03-10,0.23509104180995277,0.2354944127730112,0.2469905008308324,0.2353581335543502,
2024-03-11,0.2368746593387463,0.23728532847937056,0.24972810234944864,0.23715352341324647,
2024-03-12,0.24674598219287214,0.24719486260548096,0.26122214231445384,0.24703202828946824,
2024-03-13,0.2486733481826553,0.24910567652054616,0.2638232280068553,0.24895529381283055,
2024-03-14,0.24194762304571382,0.24237289783206273,0.2562498627357441,0.24221791151604677,
2024-03-15,0.23672843864133797,0.23716592012120707,0.25059876950824855,0.2370154410644265,
2024-03-16,0.23672843864133797,0.23716592012120707,0.25059876950824855,0.2370154410644265,
2024-03-17,0.23672843864133797,0.23716592012120707,0.25059876950824855,0.2370154410644265,
2024-03-18,0.2399670344445337,0.2404217543333187,0.2557044726226252,0.24026829160905194,
2024-03-19,0.24854528333554793,0.24900075285309176,0.2639816802892443,0.24884999219740256,
2024-03-20,0.2612607489886196,0.26170906397682514,0.27841553531837504,0.2615645763312031,
2024-03-21,0.26734587263829757,0.2678113841837164,0.2858989056128276,0.26765845838630287,
2024-03-22,0.2590077052791906,0.2594773271911517,0.2768246800732199,0.259304507733886,
2024-03-23,0.2590077052791906,0.2594773271911517,0.2768246800732199,0.259304507733886,
2024-03-24,0.2590077052791906,0.2594773271911517,0.2768246800732199,0.259304507733886,
2024-03-25,0.2572233348982662,0.2576909426337002,0.27681332344666054,0.25752710975730464,
2024-03-26,0.253975893663426,0.2544300208165837,0.2730932814894138,0.2542739055266565,
2024-03-27,0.2688813737116633,0.2693128246726688,0.2883019616799374,0.26917909936035467,
2024-03-28,0.2709854768399824,0.2714197495027464,0.29043474460624163,0.2712885917795991,
2024-03-29,0.2709854768399824,0.2714197495027464,0.29043474460624163,0.2712885917795991,
2024-03-30,0.2709854768399824,0.2714197495027464,0.29043474460624163,0.2712885917795991,
2024-03-31,0.2709854768399824,0.2714197495027464,0.29043474460624163,0.2712885917795991,
2024-04-01,0.2654596655821835,0.26591287073978176,0.28634672151564167,0.2657776538791483,
2024-04-02,0.2557144271174545,0.2561649480438619,0.27698776988251717,0.25602684015679245,
2024-04-03,0.2529284236841336,0.2533721941848692,0.2741323524000516,0.25323963790923765,
2024-04-04,0.2361389941747425,0.2365730350008628,0.2549153122075489,0.23643781730290048,
2024-04-05,0.2454216929881181,0.24587808782457854,0.26514325822845053,0.24573032603476497,
2024-04-06,0.2454216929881181,0.24587808782457854,0.26514325822845053,0.24573032603476497,
2024-04-07,0.2454216929881181,0.24587808782457854,0.26514325822845053,0.24573032603476497,
2024-04-08,0.24426407596721744,0.24472647202229503,0.26363956749954776,0.24457657313105607,
2024-04-09,0.2449311142800099,0.24538839922482203,0.2650553661436874,0.2452487004158579,
2024-04-10,0.23369772251518484,0.23416510341741992,0.2526013209043809,0.23402078745838173,
2024-04-11,0.23669266359418217,0.23718167762500109,0.2590199630451646,0.2370432291399489,
2024-04-12,0.22146548035789104,0.22192129836702157,0.2424946255870124,0.2218125695290365,
2024-04-13,0.22146548035789104,0.22192129836702157,0.2424946255870124,0.2218125695290365,
2024-04-14,0.22146548035789104,0.22192129836702157,0.2424946255870124,0.2218125695290365,
2024-04-15,0.2134733318962756,0.21390543974003284,0.2330852253910889,0.2137943629540513,
2024-04-16,0.21275874362923197,0.2131853436521285,0.23109026372778474,0.2130726040761206,
2024-04-17,0.20928348338379754,0.2097152849925661,0.2284818374252644,0.20959846005341398,
2024-04-18,0.2109788654160043,0.21140638092359998,0.22867140920441864,0.21128409872888687,
2024-04-19,0.2138442848477693,0.21426600952426944,0.22991441697024717,0.21414178518147975,
2024-04-20,0.2138442848477693,0.21426600952426944,0.22991441697024717,0.21414178518147975,
2024-04-21,0.2138442848477693,0.21426600952426944,0.22991441697024717,0.21414178518147975,
2024-04-22,0.2217801434431188,0.22220501331359577,0.23764555052627,0.2220716680629493,
2024-04-23,0.22964674830222642,0.23007238725205092,0.2475642211664204,0.22994047067268042,
2024-04-24,0.22785613152703355,0.22827255197001772,0.24613172491542135,0.22815177354737748,
2024-04-25,0.22085933429372395,0.22131790404245733,0.2413688919883792,0.22117626378850663,
2024-04-26,0.22698873862066082,0.22746268853303642,0.24910872192916855,0.22730283092622594,
2024-04-27,0.22698873862066082,0.22746268853303642,0.24910872192916855,0.22730283092622594,
2024-04-28,0.22698873862066082,0.22746268853303642,0.24910872192916855,0.22730283092622594,
2024-04-29,0.23212740406413523,0.23257297090257456,0.25427937021906954,0.2324357996922537,
2024-04-30,0.21609101071625325,0.21650046791042232,0.23717934871664936,0.2163937898936905,
2024-05-01,0.21733914372698937,0.21772312974453478,0.236141902324702,0.2176207970962596,
2024-05-02,0.22719894439359956,0.22760383951998997,0.2462663571920678,0.22748268963785545,
2024-05-03,0.24026370462416158,0.24066322325803813,0.26422011102881937,0.24054116258808,
2024-05-04,0.24026370462416158,0.24066322325803813,0.26422011102881937,0.24054116258808,
2024-05-05,0.24026370462416158,0.24066322325803813,0.26422011102881937,0.24054116258808,
2024-05-06,0.24754327773689155,0.24796906538119545,0.2725093589215677,0.24782776471143197,
2024-05-07,0.2466073178394259,0.2470278768690246,0.2691783127685614,0.24688516933770588,
2024-05-08,0.25160874369316577,0.252030289388429,0.2752583821722723,0.2518893650094862,
2024-05-09,0.2592497529690021,0.25966435151984757,0.28205297710678545,0.25952956441063346,
2024-05-10,0.26300399066789026,0.263425504784758,0.28531619267538555,0.2632919417293911,
2024-05-11,0.26300399066789026,0.263425504784758,0.28531619267538555,0.2632919417293911,
2024-05-12,0.26300399066789026,0.263425504784758,0.28531619267538555,0.2632919417293911,
2024-05-13,0.26231744258730383,0.2627348835472183,0.2858802764872683,0.26260386970273664,
2024-05-14,0.2646326051913397,0.2650548876374421,0.28946687384413194,0.2649198290703141,
2024-05-15,0.2736725244491176,0.2741161424630163,0.30101253035117725,0.27396053311209534,
2024-05-16,0.2770892476693201,0.2775381647213393,0.30193975718445176,0.2773933839396441,
2024-05-17,0.27925035695592637,0.2797058624310451,0.3031903674140213,0.27956240308528835,
2024-05-18,0.27925035695592637,0.2797058624310451,0.3031903674140213,0.27956240308528835,
2024-05-19,0.27925035695592637,0.2797058624310451,0.3031903674140213,0.27956240308528835,
2024-05-20,0.27345921642085913,0.2739087782310483,0.29811460041141036,0.2737808694861823,
2024-05-21,0.27488662337319814,0.2753446199962317,0.3000316276772774,0.2752014651898014,
2024-05-22,0.2707882412121563,0.2712680614782852,0.2950161607800146,0.2711051530299733,
2024-05-23,0.25550056826826206,0.2559939450035289,0.2830737511544492,0.2558440139803244,
2024-05-24,0.25814203656878054,0.2586375437670494,0.28748909769532505,0.2584881041864955,
2024-05-25,0.25814203656878054,0.2586375437670494,0.28748909769532505,0.2584881041864955,
2024-05-26,0.25814203656878054,0.2586375437670494,0.28748909769532505,0.2584881041864955,
2024-05-27,0.25814203656878054,0.2586375437670494,0.28748909769532505,0.2584881041864955,
2024-05-28,0.2540035962209162,0.2544793421489271,0.28453043406619827,0.25435128234386295,
2024-05-29,0.24388551719984486,0.24435178666515456,0.27613524810800016,0.2442257474354912,
2024-05-30,0.23965400006776205,0.24010972598055913,0.26691813534016373,0.23998403984974792,
2024-05-31,0.2572025722335103,0.2576641796897481,0.2852540590181605,0.2575506138411472,
2024-06-01,0.2572025722335103,0.2576641796897481,0.2852540590181605,0.2575506138411472,
2024-06-02,0.2572025722335103,0.2576641796897481,0.2852540590181605,0.2575506138411472,
2024-06-03,0.25753039170504577,0.2580116558187189,0.2873894053484063,0.2578739221433375,
2024-06-04,0.26402257334849466,0.2644913059836449,0.2933325265664217,0.264352814611138,
2024-06-05,0.26645149787343936,0.2669161624846479,0.2961809753046134,0.2667724856207898,
2024-06-06,0.2691317491225249,0.26958564598321977,0.29771599777821134,0.2694428789795007,
2024-06-07,0.2665930299874426,0.26705075454064886,0.2950664007459991,0.2669029557833411,
2024-06-08,0.2665930299874426,0.26705075454064886,0.2950664007459991,0.2669029557833411,
2024-06-09,0.2665930299874426,0.26705075454064886,0.2950664007459991,0.2669029557833411,
2024-06-10,0.26856886690551685,0.26903520471894216,0.2959301831224499,0.2688827987750697,
2024-06-11,0.26530239749595075,0.2657695628494394,0.2930619010010198,0.2656228158610332,
2024-06-12,0.26237874578613973,0.26284991415641024,0.2917236411355406,0.26270831313798393,
2024-06-13,0.26200522449504016,0.2625072693595121,0.29140863555993324,0.26234667168569636,
2024-06-14,0.26081454248314473,0.26132065630424095,0.29131727832579224,0.26115747013132906,
2024-06-15,0.26081454248314473,0.26132065630424095,0.29131727832579224,0.26115747013132906,
2024-06-16,0.26081454248314473,0.26132065630424095,0.29131727832579224,0.26115747013132906,
2024-06-17,0.26736322989548444,0.26786946616867335,0.29903779191872104,0.26770924044066,
2024-06-18,0.27070090766189225,0.2712178790888624,0.30419095777321314,0.2710570043144678,
2024-06-19,0.27070090766189225,0.2712178790888624,0.30419095777321314,0.2710570043144678,
2024-06-20,0.2795272784480576,0.28004256344743284,0.3118995589097544,0.2798969362263535,
2024-06-21,0.2804806026719826,0.28096500307508987,0.31228931608240607,0.2808365581302925,
2024-06-22,0.2804806026719826,0.28096500307508987,0.31228931608240607,0.2808365581302925,
2024-06-23,0.2804806026719826,0.28096500307508987,0.31228931608240607,0.2808365581302925,
2024-06-24,0.28593792502063375,0.28637971205362245,0.316310226070738,0.2862849631115263,
2024-06-25,0.2792152391647753,0.2796824378377938,0.3129013840025494,0.2795619308724673,
2024-06-26,0.2801362404121044,0.28059856346764644,0.3127413653743061,0.28046936253531896,
2024-06-27,0.28154072976470035,0.2819977894022636,0.31403173224779346,0.2818756139065499,
2024-06-28,0.2709204598758639,0.27138719502495645,0.29799047254318056,0.27124118785182283,
2024-06-29,0.2709204598758639,0.27138719502495645,0.29799047254318056,0.27124118785182283,
2024-06-30,0.2709204598758639,0.27138719502495645,0.29799047254318056,0.27124118785182283,
2024-07-01,0.2739834570344719,0.274459232036421,0.30508521156649526,0.2742944232809623,
2024-07-02,0.27686670001990143,0.2773346568139192,0.30694514388663685,0.277176651985108,
2024-07-03,0.2781438023199565,0.2786208038016229,0.30998563439057847,0.27845978562691776,
2024-07-04,0.2781438023199565,0.2786208038016229,0.30998563439057847,0.27845978562691776,
2024-07-05,0.2802463420322494,0.2807167044383152,0.31170114512970026,0.2805490798633068,
2024-07-06,0.2802463420322494,0.2807167044383152,0.31170114512970026,0.2805490798633068,
2024-07-07,0.2802463420322494,0.2807167044383152,0.31170114512970026,0.2805490798633068,
2024-07-08,0.2786924832167297,0.2791639988604353,0.3095475150786051,0.278997480022944,
2024-07-09,0.27688664777861716,0.27735469352859154,0.309389403644426,0.2771904235424951,
2024-07-10,0.29069525339649505,0.2911760542580173,0.3235779651168751,0.2910088307476595,
2024-07-11,0.29149556409501987,0.2919717618037514,0.3229462495199853,0.29182748892765775,
2024-07-12,0.2987908136360915,0.29925800593377905,0.3301582172023958,0.29913316919899224,
2024-07-13,0.2987908136360915,0.29925800593377905,0.3301582172023958,0.29913316919899224,
2024-07-14,0.2987908136360915,0.29925800593377905,0.3301582172023958,0.29913316919899224,
2024-07-15,0.30061030511564835,0.30109201704053823,0.331854509919163,0.3009657220841546,
2024-07-16,0.31881835530839275,0.3192951857165114,0.3471169729040071,0.3191736579119677,
2024-07-17,0.32385686666151603,0.3243412944432955,0.34842516451159544,0.32422725271731556,
2024-07-18,0.3115035273812252,0.3120078625520135,0.33501283164158435,0.31189154721920476,
2024-07-19,0.2995984891077379,0.30009319895280395,0.3251952899548811,0.2999747260085124,
2024-07-20,0.2995984891077379,0.30009319895280395,0.3251952899548811,0.2999747260085124,
2024-07-21,0.2995984891077379,0.30009319895280395,0.3251952899548811,0.2999747260085124,
2024-07-22,0.3025606799580174,0.303055400816413,0.328873328383956,0.3029357032760598,
2024-07-23,0.302368317682,0.30286021687699494,0.3290874353371107,0.30272919130259024,
2024-07-24,0.28672547380730506,0.28716309959244746,0.3112216254151976,0.2870613572927927,
2024-07-25,0.2908917803633442,0.29132643448510964,0.3155316324335051,0.29122374916800364,
2024-07-26,0.3147077943292538,0.3151592471325799,0.3435983281889523,0.3150791992780242,
2024-07-27,0.3147077943292538,0.3151592471325799,0.3435983281889523,0.3150791992780242,
2024-07-28,0.3147077943292538,0.3151592471325799,0.3435983281889523,0.3150791992780242,
2024-07-29,0.3150203557897193,0.3154676518560624,0.34439381942985214,0.3154006004266594,
2024-07-30,0.3150469224507604,0.315441877852463,0.34217496426942073,0.31541004657418914,
2024-07-31,0.32270341369756306,0.3231459240225216,0.35090327355271,0.3230882271340194,
2024-08-01,0.30799991605071786,0.3083734465530992,0.3350787483909241,0.30835405006260164,
2024-08-02,0.29137798757209254,0.2917414866606971,0.31471164950563657,0.2917368567455305,
2024-08-03,0.29137798757209254,0.2917414866606971,0.31471164950563657,0.2917368567455305,
2024-08-04,0.29137798757209254,0.2917414866606971,0.31471164950563657,0.2917368567455305,
2024-08-05,0.25719696051719554,0.2575327987305489,0.2780117379860543,0.25753909320211155,
2024-08-06,0.2667286989180586,0.26707730786539785,0.2891655568673379,0.2670789549476682,
2024-08-07,0.2581902872515527,0.2585038127000936,0.27915399293036813,0.25851151969239794,
2024-08-08,0.28049069807522464,0.28082767052364366,0.30359374002689066,0.28082750433126336,
2024-08-09,0.2831833122787999,0.28352042443559156,0.30798315398507636,0.2835178145874142,
2024-08-10,0.2831833122787999,0.28352042443559156,0.30798315398507636,0.2835178145874142,
2024-08-11,0.2831833122787999,0.28352042443559156,0.30798315398507636,0.2835178145874142,
2024-08-12,0.2794155531864648,0.27978834073833725,0.30534614180109276,0.27976401714968224,
2024-08-13,0.2941801932449819,0.29456232015107386,0.3238016293687329,0.2945352183090524,
2024-08-14,0.3014231266973497,0.30181149058487056,0.33136161376252216,0.30178629535856905,
2024-08-15,0.3250319024717705,0.32544083391295375,0.35595806515393646,0.3254131919704999,
2024-08-16,0.3312000564349977,0.331601715462859,0.3629639721029554,0.3315786043518667,
2024-08-17,0.3312000564349977,0.331601715462859,0.3629639721029554,0.3315786043518667,
2024-08-18,0.3312000564349977,0.331601715462859,0.3629639721029554,0.3315786043518667,
2024-08-19,0.3406599973186899,0.3410867922723899,0.3740859335617992,0.3410603175796627,
2024-08-20,0.3386946639945714,0.33913176868139083,0.37144591088727874,0.33909944860145846,
2024-08-21,0.34311168766061484,0.3435504462258383,0.37530245457509803,0.3435163471859355,
2024-08-22,0.33690611554813854,0.33734790716810514,0.3678340243108005,0.337316743954196,
2024-08-23,0.35113877799949744,0.35158691182953716,0.38353061777502284,0.3515568154051134,
2024-08-24,0.35113877799949744,0.35158691182953716,0.38353061777502284,0.3515568154051134,
2024-08-25,0.35113877799949744,0.35158691182953716,0.38353061777502284,0.3515568154051134,
2024-08-26,0.3542949221918308,0.3547329885052266,0.38611312472063886,0.35471861711571884,
2024-08-27,0.3553894435200944,0.35583511510764754,0.3874801826111105,0.3558130610160599,
2024-08-28,0.34904878011845275,0.3494966433636151,0.3801274132886583,0.3494685467299872,
2024-08-29,0.3534535677974624,0.3538765569439455,0.3827409610889785,0.3538682489067315,
2024-08-30,0.3638872477555528,0.3643100592533044,0.39290421075891024,0.36429922459325725,
2024-08-31,0.3638872477555528,0.3643100592533044,0.39290421075891024,0.36429922459325725,
2024-09-01,0.3638872477555528,0.3643100592533044,0.39290421075891024,0.36429922459325725,
2024-09-02,0.3638872477555528,0.3643100592533044,0.39290421075891024,0.36429922459325725,
2024-09-03,0.3429721488989115,0.34336901342085335,0.36786522058868987,0.34338039061442505,
2024-09-04,0.3408320966682459,0.3412161589837821,0.36335704136038194,0.341228241448037,
2024-09-05,0.3354341716729783,0.33580967593211497,0.3589244432804757,0.3358283202066801,
2024-09-06,0.3208793469577649,0.32125705987871234,0.34237856621819907,0.3212732344647744,
2024-09-07,0.3208793469577649,0.32125705987871234,0.34237856621819907,0.3212732344647744,
2024-09-08,0.3208793469577649,0.32125705987871234,0.34237856621819907,0.3212732344647744,
2024-09-09,0.3372945203039448,0.33766940519962785,0.3577730477078953,0.33767802999651964,
2024-09-10,0.3378173532663584,0.3381828866246426,0.3566980856336328,0.3382056608379205,
2024-09-11,0.34517738938519016,0.3455626240345273,0.368298169845245,0.3455841247953251,
2024-09-12,0.35403243910198756,0.3544155419204633,0.37725505557126815,0.3544445783824466,
2024-09-13,0.3622130085365811,0.36260727309651597,0.3855371611245024,0.3626440710239476,
2024-09-14,0.3622130085365811,0.36260727309651597,0.3855371611245024,0.3626440710239476,
2024-09-15,0.3622130085365811,0.36260727309651597,0.3855371611245024,0.3626440710239476,
2024-09-16,0.37126829795837235,0.37166135487272967,0.39549483843517197,0.37170828484638174,
2024-09-17,0.36948010310769575,0.36986441329045405,0.39409663117540616,0.3699153592318547,
2024-09-18,0.36569182655962473,0.36606799111737454,0.39040267715197774,0.36612996874064896,
2024-09-19,0.3785816324551361,0.37899811553822893,0.40816114929063296,0.37904872188390737,
2024-09-20,0.38427877708440383,0.38468895513110213,0.41426394764192986,0.3847543885111162,
2024-09-21,0.38427877708440383,0.38468895513110213,0.41426394764192986,0.3847543885111162,
2024-09-22,0.38427877708440383,0.38468895513110213,0.41426394764192986,0.3847543885111162,
2024-09-23,0.38721280029496175,0.38762865962807225,0.4142006572100416,0.3876868348876201,
2024-09-24,0.3914218270938956,0.3918401733319341,0.4200464732504281,0.39191408924559634,
2024-09-25,0.3851524976189624,0.38558153846684773,0.41490464349376754,0.3856431156694837,
2024-09-26,0.39180284951908617,0.3922251321370904,0.4224217371795318,0.39230162677092073,
2024-09-27,0.3945110060322612,0.3949402044601138,0.42495279393458296,0.39501428474433475,
2024-09-28,0.3945110060322612,0.3949402044601138,0.42495279393458296,0.39501428474433475,
2024-09-29,0.3945110060322612,0.3949402044601138,0.42495279393458296,0.39501428474433475,
2024-09-30,0.39444344351992244,0.39488766617291793,0.42496857096287366,0.39495481481086814,
2024-10-01,0.3892163025468358,0.38964199556551504,0.4155346919466487,0.3897296785915614,
2024-10-02,0.3859481737863977,0.38638521865278275,0.4115478477490313,0.38646822946139703,
2024-10-03,0.37995030160021326,0.38040797655810876,0.40513733543868224,0.3804765813564466,
2024-10-04,0.39068435508332167,0.3911574508933735,0.4174170112342295,0.39121831069746205,
2024-10-05,0.39068435508332167,0.3911574508933735,0.4174170112342295,0.39121831069746205,
2024-10-06,0.39068435508332167,0.3911574508933735,0.4174170112342295,0.39121831069746205,
2024-10-07,0.3777648525584927,0.37825118836525595,0.4045996843552828,0.37830627297909136,
2024-10-08,0.38450567600685703,0.3850056519857359,0.413077250835858,0.3850452026054809,
2024-10-09,0.3972601413408101,0.3977724061576524,0.42674851677095393,0.39782105556896674,
2024-10-10,0.39431305680526685,0.3948355334350373,0.42357591361091385,0.39487790518069144,
2024-10-11,0.40705014678574236,0.4075694621797772,0.4368950376029037,0.4076162000375674,
2024-10-12,0.40705014678574236,0.4075694621797772,0.4368950376029037,0.4076162000375674,
2024-10-13,0.40705014678574236,0.4075694621797772,0.4368950376029037,0.4076162000375674,
2024-10-14,0.4140295065090225,0.4145610047334818,0.4444726566959354,0.4146005311347689,
2024-10-15,0.4108915556845891,0.4113920313964703,0.4424727260002641,0.41143649661749016,
2024-10-16,0.42263828012820004,0.4231658131649678,0.4550468261159841,0.4232011741218664,
2024-10-17,0.4277263378613696,0.4282734126668535,0.45820919479554156,0.42829309371330626,
2024-10-18,0.4295985160055349,0.4301476624666569,0.45932414501799035,0.4301592728304733,
2024-10-19,0.4295985160055349,0.4301476624666569,0.45932414501799035,0.4301592728304733,
2024-10-20,0.4295985160055349,0.4301476624666569,0.45932414501799035,0.4301592728304733,
2024-10-21,0.4211431566176054,0.4216964728103143,0.4500986537397724,0.42169294189919526,
2024-10-22,0.41671558190852287,0.4172632356464474,0.44402245838629595,0.41724508804078364,
2024-10-23,0.4050868150530742,0.40567337045368945,0.43317430309461336,0.4056213647946474,
2024-10-24,0.39714830705308035,0.39773905612073057,0.42742703170260166,0.3976715152754584,
2024-10-25,0.3886591755614124,0.3892772121754511,0.4200646761993445,0.3891876115178474,
2024-10-26,0.3886591755614124,0.3892772121754511,0.4200646761993445,0.3891876115178474,
2024-10-27,0.3886591755614124,0.3892772121754511,0.4200646761993445,0.3891876115178474,
2024-10-28,0.3955769163146978,0.3962066102190194,0.42813806964508894,0.3961280758557888,
2024-10-29,0.3901879904379879,0.3908143338849257,0.4249983858890971,0.3907348240101052,
2024-10-30,0.3864672566369849,0.38708812367701584,0.4214992818288139,0.3869827677816273,
2024-10-31,0.3753268968638901,0.37593779210902123,0.40803997732901265,0.3758861941717828,
2024-11-01,0.38466208861879214,0.38525485582694596,0.415073707120869,0.3851948523686688,
2024-11-02,0.38466208861879214,0.38525485582694596,0.415073707120869,0.3851948523686688,
2024-11-03,0.38466208861879214,0.38525485582694596,0.415073707120869,0.3851948523686688,
2024-11-04,0.3811441945793159,0.3817412525118289,0.41280092943929025,0.38168969252171814,
2024-11-05,0.39264652401952893,0.39326941994729014,0.42574087185208875,0.3932082320442887,
2024-11-06,0.4259669699956068,0.42669979249356627,0.46433355722946246,0.42658207467564613,
2024-11-07,0.42803333041062497,0.42874490549221034,0.4643618738809474,0.4286362411711695,
2024-11-08,0.4354436818669407,0.43615048084715013,0.47165325561309257,0.43605441577702253,
2024-11-09,0.4354436818669407,0.43615048084715013,0.47165325561309257,0.43605441577702253,
2024-11-10,0.4354436818669407,0.43615048084715013,0.47165325561309257,0.43605441577702253,
2024-11-11,0.44010372517355556,0.44081366931908006,0.4779401882737795,0.4407409517233243,
2024-11-12,0.43173537262645056,0.43246282844103456,0.46812521562482523,0.432373693195345,
2024-11-13,0.43494627768602934,0.4356742136288405,0.47288488470563084,0.4355979256003273,
2024-11-14,0.43103866199408714,0.43177973574726947,0.47049523024119844,0.4317085070933375,
2024-11-15,0.4245014727195806,0.42523940963485196,0.46312956067097955,0.4251813767356145,
2024-11-16,0.4245014727195806,0.42523940963485196,0.46312956067097955,0.4251813767356145,
2024-11-17,0.4245014727195806,0.42523940963485196,0.46312956067097955,0.4251813767356145,
2024-11-18,0.4248299388645149,0.42555452090541124,0.4606058539336204,0.4254979263325531,
2024-11-19,0.4245484015800858,0.4252729781016231,0.46037462032065646,0.42519841313520956,
2024-11-20,0.4285707063244746,0.4292911367143395,0.46483217989624936,0.42922797971485593,
2024-11-21,0.4422364239249308,0.44299432167605235,0.48113255176071723,0.4429359946625029,
2024-11-22,0.4568222558758164,0.4575768805577458,0.49638185435956106,0.4575386944373834,
2024-11-23,0.4568222558758164,0.4575768805577458,0.49638185435956106,0.4575386944373834,
2024-11-24,0.4568222558758164,0.4575768805577458,0.49638185435956106,0.4575386944373834,
2024-11-25,0.46919585833040545,0.46994313615358996,0.5078540166032648,0.4699203894080297,
2024-11-26,0.47456531345731734,0.47531377238166295,0.5114821549464375,0.47528456335490854,
2024-11-27,0.4729355645994284,0.47369577402529894,0.5090526209405448,0.47365865644270455,
2024-11-28,0.4729355645994284,0.47369577402529894,0.5090526209405448,0.47365865644270455,
2024-11-29,0.47885785509631784,0.47962064818195094,0.5147675817730317,0.4795839871443399,
2024-11-30,0.47885785509631784,0.47962064818195094,0.5147675817730317,0.4795839871443399,
2024-12-01,0.47885785509631784,0.47962064818195094,0.5147675817730317,0.4795839871443399,
2024-12-02,0.4761905089204477,0.47695557004303857,0.5118538112912374,0.47691211277027334,
2024-12-03,0.47377551787184613,0.47454725228190053,0.5112611022095865,0.4745079234405851,
2024-12-04,0.4803766065595443,0.48116376924827153,0.5197109853900983,0.4811317507703692,
2024-12-05,0.47930626088192074,0.48008836849747416,0.5188610099493534,0.480056316784619,
2024-12-06,0.4762166987287546,0.4769840488011785,0.5168492986178046,0.4769627989634464,
2024-12-07,0.4762166987287546,0.4769840488011785,0.5168492986178046,0.4769627989634464,
2024-12-08,0.4762166987287546,0.4769840488011785,0.5168492986178046,0.4769627989634464,
2024-12-09,0.4668332070532373,0.46759918143989965,0.5055044431917783,0.4675567367726088,
2024-12-10,0.4636544876626556,0.46438806514669984,0.49880900708009146,0.46435210200833876,
2024-12-11,0.4630078294135289,0.46372904585764885,0.5016360196413712,0.4637005396757814,
2024-12-12,0.45921416631593637,0.45989898508555327,0.49889259518611495,0.45988378353063397,
2024-12-13,0.45605736938722763,0.4567444267889773,0.49336342489831253,0.4567271913499358,
2024-12-14,0.45605736938722763,0.4567444267889773,0.49336342489831253,0.4567271913499358,
2024-12-15,0.45605736938722763,0.4567444267889773,0.49336342489831253,0.4567271913499358,
2024-12-16,0.4519453617541722,0.45262519136463664,0.4884991105983332,0.4526053932384948,
2024-12-17,0.44748033251974006,0.4481602353913423,0.4843876546194441,0.4481252645893494,
2024-12-18,0.41405440998821996,0.4147315456194709,0.44801705473977926,0.41467595997333295,
2024-12-19,0.41666566996469334,0.41734283636877056,0.4523661912797454,0.41727876484654414,
2024-12-20,0.4294381600713595,0.43013912178139746,0.4664610944181309,0.4300744325140926,
2024-12-21,0.4294381600713595,0.43013912178139746,0.4664610944181309,0.4300744325140926,
2024-12-22,0.4294381600713595,0.43013912178139746,0.4664610944181309,0.4300744325140926,
2024-12-23,0.43132003709204314,0.432028605423987,0.4701657302944642,0.4319572812869892,
2024-12-24,0.44363326907175304,0.4443475578555043,0.48242354779936614,0.44427225896291755,
2024-12-25,0.44363326907175304,0.4443475578555043,0.48242354779936614,0.44427225896291755,
2024-12-26,0.44518130451724236,0.4459094681157634,0.48323189569090497,0.44582857658993946,
2024-12-27,0.4347702465542054,0.43548424543745057,0.471724441495168,0.4354082077744905,
2024-12-28,0.4347702465542054,0.43548424543745057,0.471724441495168,0.4354082077744905,
2024-12-29,0.4347702465542054,0.43548424543745057,0.471724441495168,0.4354082077744905,
2024-12-30,0.4201348501663693,0.42084460307668903,0.45686137088551226,0.42077056072497854,
2024-12-31,0.42112325091008707,0.4218254917582773,0.45783716044315326,0.4217571097563153,
2025-01-01,0.42112325091008707,0.4218254917582773,0.45783716044315326,0.4217571097563153,
2025-01-02,0.416333543510895,0.41704753288068996,0.4522058245833023,0.41697762393831117,
2025-01-03,0.4258321215954266,0.42657369725700556,0.46275539065350135,0.4264953196659915,
2025-01-04,0.4258321215954266,0.42657369725700556,0.46275539065350135,0.4264953196659915,
2025-01-05,0.4258321215954266,0.42657369725700556,0.46275539065350135,0.4264953196659915,
2025-01-06,0.4234788493072006,0.4242362578062171,0.46142488470331244,0.4241361109573405,
2025-01-07,0.4194204760323397,0.4201640655181791,0.45489339179610067,0.4200730229973777,
2025-01-08,0.4209991975141891,0.4217408428507661,0.4558710059025439,0.4216610608154696,
2025-01-09,0.4209991975141891,0.4217408428507661,0.4558710059025439,0.4216610608154696,
2025-01-10,0.40172457559417807,0.4024524676575263,0.4340437457118511,0.40237565623496785,
2025-01-11,0.40172457559417807,0.4024524676575263,0.4340437457118511,0.40237565623496785,
2025-01-12,0.40172457559417807,0.4024524676575263,0.4340437457118511,0.40237565623496785,
2025-01-13,0.41101305251544873,0.4117805018524352,0.4431906014687592,0.41167651555938356,
2025-01-14,0.4153407358565764,0.4161065260234582,0.44697316282520805,0.41601802832704626,
2025-01-15,0.4322814073439225,0.43304675182073904,0.4662388179363832,0.4329515593351827,
2025-01-16,0.43277676595723946,0.4335176042931521,0.46512327954299404,0.43342725750661915,
2025-01-17,0.4426747616963129,0.44341553788735677,0.4756753260337556,0.4433226598122122,
2025-01-18,0.4426747616963129,0.44341553788735677,0.4756753260337556,0.4433226598122122,
2025-01-19,0.4426747616963129,0.44341553788735677,0.4756753260337556,0.4433226598122122,
2025-01-20,0.4426747616963129,0.44341553788735677,0.4756753260337556,0.4433226598122122,
2025-01-21,0.458351035865725,0.45911210653198875,0.4913591286166641,0.4590186890117256,
2025-01-22,0.4636054100774525,0.4644039271460916,0.49926050441252756,0.4642871684610874,
2025-01-23,0.47532004226963376,0.4761391445000138,0.5115609061364499,0.4760218560905827,
2025-01-24,0.4708421518684398,0.47164548373585835,0.5056044250114218,0.4715345513289566,
2025-01-25,0.4708421518684398,0.47164548373585835,0.5056044250114218,0.4715345513289566,
2025-01-26,0.4708421518684398,0.47164548373585835,0.5056044250114218,0.4715345513289566,
2025-01-27,0.48097373673706234,0.4816736331844014,0.5101524353733,0.48163546919034905,
2025-01-28,0.4840166434968518,0.4848105773898588,0.5183826395725459,0.4847152943537587,
2025-01-29,0.4820434700331282,0.48280915980420236,0.516395832506169,0.4827349317606864,
2025-01-30,0.49290543038273693,0.49361672729579165,0.5233773256140326,0.49358569981532785,
2025-01-31,0.480404989828074,0.48109899855014393,0.5117193987359481,0.48107111734982433,
2025-02-01,0.480404989828074,0.48109899855014393,0.5117193987359481,0.48107111734982433,
2025-02-02,0.480404989828074,0.48109899855014393,0.5117193987359481,0.48107111734982433,
2025-02-03,0.4785899683635326,0.4792767221895098,0.5079721283766598,0.47924955584122886,
2025-02-04,0.48111190889217603,0.48176785794234256,0.5081900103728316,0.4817651782686796,
2025-02-05,0.4908576485281402,0.49155184104223926,0.5207840983628751,0.4915281945912513,
2025-02-06,0.48571810054998177,0.4864369556340151,0.5154990413519003,0.4863741177945162,
2025-02-07,0.47086311297641315,0.47158826549856325,0.49963166506456,0.4715142697420467,
2025-02-08,0.47086311297641315,0.47158826549856325,0.49963166506456,0.4715142697420467,
2025-02-09,0.47086311297641315,0.47158826549856325,0.49963166506456,0.4715142697420467,
2025-02-10,0.4786958721457202,0.4794273077280149,0.5049076532527899,0.4793558413872945,
2025-02-11,0.4855754755854318,0.48629338987100756,0.5107146131942104,0.4862213049055544,
2025-02-12,0.4815778313527379,0.4822795069331831,0.5077581226724353,0.48220548111953,
2025-02-13,0.4940934544892204,0.4948039705607461,0.5210524370882061,0.4947312433439248,
2025-02-14,0.489277353348033,0.4899990646872321,0.5198828609777559,0.4899267580532176,
2025-02-15,0.489277353348033,0.4899990646872321,0.5198828609777559,0.4899267580532176,
2025-02-16,0.489277353348033,0.4899990646872321,0.5198828609777559,0.4899267580532176,
2025-02-17,0.489277353348033,0.4899990646872321,0.5198828609777559,0.4899267580532176,
2025-02-18,0.4939548601423176,0.4946685550744847,0.5275188326213576,0.4946039736778156,
2025-02-19,0.5000964866550079,0.5008167606092171,0.532945421734289,0.500731983938584,
2025-02-20,0.49013034583243975,0.4908169129166038,0.5239935889668685,0.490754573296859,
2025-02-21,0.47250127362268035,0.47314928274243084,0.5063806757847311,0.4730870527050517,
2025-02-22,0.47250127362268035,0.47314928274243084,0.5063806757847311,0.4730870527050517,
2025-02-23,0.47250127362268035,0.47314928274243084,0.5063806757847311,0.4730870527050517,
2025-02-24,0.47634284203318566,0.47696781252294307,0.5117498860405987,0.476930477578557,
2025-02-25,0.48374023635225116,0.48436947903951877,0.5158838310054521,0.48433809276928774,
2025-02-26,0.47627396526305965,0.4769146640618742,0.5114682702343176,0.47688511318407745,
2025-02-27,0.47038670856266074,0.4710264815668992,0.4996628107233596,0.4709948825221455,
2025-02-28,0.4898005314544951,0.49047007337380166,0.5212556716510557,0.49043122781086446,
2025-03-01,0.4898005314544951,0.49047007337380166,0.5212556716510557,0.49043122781086446,
2025-03-02,0.4898005314544951,0.49047007337380166,0.5212556716510557,0.49043122781086446,
2025-03-03,0.47174854537001343,0.4723549157248532,0.5014518887811554,0.4723549704963923,
2025-03-04,0.4477546809685402,0.4484165663994666,0.47663510589026004,0.44837436771504646,
2025-03-05,0.4614113903878716,0.46207839796340267,0.49125424396182793,0.462039038601888,
2025-03-06,0.44902954552067365,0.44969352964015075,0.4756820320178339,0.4496607298594395,
2025-03-07,0.4583545763844634,0.4589879278846021,0.48451836530162007,0.4589928201633686,
2025-03-08,0.4583545763844634,0.4589879278846021,0.48451836530162007,0.4589928201633686,
2025-03-09,0.4583545763844634,0.4589879278846021,0.48451836530162007,0.4589928201633686,
2025-03-10,0.431908365732365,0.4324954616826904,0.4530466277325709,0.43252332269806737,
2025-03-11,0.41280402036349284,0.41340093194652194,0.43108330603459244,0.4133779866398255,
2025-03-12,0.40997978360525034,0.4106029231745443,0.4290212975033525,0.41055389707281575,
2025-03-13,0.39624344183686033,0.3968553094603777,0.41374304851544075,0.39678296557953274,
2025-03-14,0.41678346750663753,0.41744605316548755,0.4351173483220434,0.4173539575212073,
2025-03-15,0.41678346750663753,0.41744605316548755,0.4351173483220434,0.4173539575212073,
2025-03-16,0.41678346750663753,0.41744605316548755,0.4351173483220434,0.4173539575212073,
2025-03-17,0.4283386192985683,0.4290128449303845,0.44542721416967446,0.4289259947636199,
2025-03-18,0.41887532954096307,0.41954801927904595,0.43640341802002225,0.4194514906822917,
2025-03-19,0.4320844524878147,0.4327582621180672,0.44805451266288054,0.43265735776266445,
2025-03-20,0.4293458899009055,0.43002334931622976,0.44526936650975446,0.4299117445844689,
2025-03-21,0.42766991356954764,0.4283494446606064,0.44313820142500115,0.4282181284957427,
2025-03-22,0.42766991356954764,0.4283494446606064,0.44313820142500115,0.4282181284957427,
2025-03-23,0.42766991356954764,0.4283494446606064,0.44313820142500115,0.4282181284957427,
2025-03-24,0.44475160172319406,0.4454481681250293,0.45993649203430853,0.4453089357773148,
2025-03-25,0.441945174224321,0.4426201297604284,0.4570844175564539,0.4424923299929373,
2025-03-26,0.43887688973224614,0.43955178891245117,0.44981502287243047,0.43943306978217467,
2025-03-27,0.4358080881785602,0.4364747225439929,0.44516397923554996,0.4363391478775598,
2025-03-28,0.41364923714821056,0.41432408638856444,0.42180580647126154,0.4141741953206366,
2025-03-29,0.41364923714821056,0.41432408638856444,0.42180580647126154,0.4141741953206366,
2025-03-30,0.41364923714821056,0.41432408638856444,0.42180580647126154,0.4141741953206366,
2025-03-31,0.4271116829253412,0.42781581102714283,0.43412966035652034,0.4276637769135936,
2025-04-01,0.425907037541964,0.4265848651520263,0.43422520658240193,0.4264778067043935,
2025-04-02,0.43095211776891773,0.4316284972645803,0.4391607358173022,0.4315210590002252,
2025-04-03,0.37096511825092127,0.3716265493416302,0.36892587234387286,0.3714471974004281,
2025-04-04,0.2953900469068289,0.29600892402828105,0.2955970969353239,0.29585631215581887,
2025-04-05,0.2953900469068289,0.29600892402828105,0.2955970969353239,0.29585631215581887,
2025-04-06,0.2953900469068289,0.29600892402828105,0.2955970969353239,0.29585631215581887,
2025-04-07,0.28583852008424615,0.2864849449301954,0.2858398171336074,0.2862965543436222,
2025-04-08,0.2690356148289932,0.2696928577686275,0.2657161683237459,0.2694714428200895,
,,,,,
,,,,,0.02120865402406169
,,,,,0.015162288353571363
,,,,,0.015477514608751797
,,,,,0.018252285449425143
,,,,,0.023351554545129938
,,,,,0.02465735685856929
,,,,,0.030390504836974364
,,,,,0.03480024603716414
,,,,,0.027759050880683978
,,,,,0.04072668867579199
,,,,,0.037431699993454304
,,,,,0.030013722030463263
,,,,,0.026917935546864058
,,,,,0.026772491948615418
,,,,,0.020139980306629113
,,,,,0.019755281398507574
,,,,,0.02616838706003244
,,,,,0.02392777585191941
,,,,,0.032087149898590406
,,,,,0.0407128650356654
,,,,,0.04104156047866114
,,,,,0.03711470147671836
,,,,,0.026032986277259695
,,,,,0.020365293825605146
,,,,,0.026702546692592533
,,,,,0.03629142690921494
,,,,,0.03889287056984725
,,,,,0.04033596407838402
,,,,,0.043780767937471765
,,,,,0.04608919768774111
,,,,,0.057176938576485314
,,,,,0.060482324526610176
,,,,,0.06544182126104103
,,,,,0.06551779220634879
,,,,,0.07106946060156139
,,,,,0.07188103824280412
,,,,,0.07436279517311473
,,,,,0.06718218210767168
,,,,,0.07252283322711484
,,,,,0.07555481829474786
,,,,,0.07770681642513
,,,,,0.06717615641838592
,,,,,0.0651608587292496
,,,,,0.060615716746287296
,,,,,0.07294144140631453
,,,,,0.06814310232258314
,,,,,0.06236210328220371
,,,,,0.06395879279214034
,,,,,0.06714224714730777
,,,,,0.06793562956992316
,,,,,0.05700940078418926
,,,,,0.051545282109774604
,,,,,0.04274623979265835
,,,,,0.043527570836702445
,,,,,0.04240939194651161
,,,,,0.03712037271369284
,,,,,0.04269035447830305
,,,,,0.031391478163019126
,,,,,0.03887680206508537
,,,,,0.045321808434593436
,,,,,0.05417472750296981
,,,,,0.055310983461017704
,,,,,0.05021963046692357
,,,,,0.05372221005269151
,,,,,0.04780167495257892
,,,,,0.04178933670393725
,,,,,0.04352969755056768
,,,,,0.04582418550994083
,,,,,0.048459538441651295
,,,,,0.04792325209522508
,,,,,0.04579216665118735
,,,,,0.05582127663797576
,,,,,0.04708390902296
,,,,,0.04726727901847738
,,,,,0.04404388970294604
,,,,,0.04171939144791481
,,,,,0.030514326844255146
,,,,,0.027290583076412966
,,,,,0.028592368263661738
,,,,,0.01685668855055078
,,,,,0.014781488420868572
,,,,,0.01829222040978795
,,,,,0.013487855636770796
,,,,,0.011245117714792308
,,,,,-0.0017903386224722428
,,,,,0.0020561778556613675
,,,,,0.0017543026375255177
,,,,,0.010465558932303276
,,,,,0.016426265294320563
,,,,,0.020499040497593102
,,,,,0.022482319327976175
,,,,,0.01722756381854662
,,,,,0.018411670838569094
,,,,,0.027916664008273084
,,,,,0.028313177993425143
,,,,,0.018254057710978655
,,,,,0.010664997432582313
,,,,,0.0019875322581126564
,,,,,-0.003785668831426392
,,,,,0.0024139383881527365
,,,,,-0.0007755416563002271
,,,,,-0.00838645982720343
,,,,,-0.0194782178421381
,,,,,-0.00401098235040287
,,,,,-0.00026312176547615973
,,,,,0.006442761504870997
,,,,,0.023516965623559427
,,,,,0.030239035549438853
,,,,,0.031283724660498446
,,,,,0.03299998274998628
,,,,,0.031780076046560524
,,,,,0.02511589999813202
,,,,,0.03694716368442186
,,,,,0.03860375563490437
,,,,,0.05341938962839321
,,,,,0.05836506272269815
,,,,,0.056981517202396414
,,,,,0.057036339159819205
,,,,,0.0631993196406031
,,,,,0.061301345666382234
,,,,,0.06688916819730895
,,,,,0.07043156459267075
,,,,,0.06871719691550782
,,,,,0.07124314223391348
,,,,,0.07164969903454188
,,,,,0.08739210767032346
,,,,,0.09630303876692081
,,,,,0.09506115602021792
,,,,,0.09264497276742789
,,,,,0.090523811988096
,,,,,0.09242781165160241
,,,,,0.09637475628449743
,,,,,0.10112524430625403
,,,,,0.106358260073947
,,,,,0.12185349729824502
,,,,,0.12663588602798503
,,,,,0.12835415268056827
,,,,,0.128380145850036
,,,,,0.1359993345748607
,,,,,0.12160431732366672
,,,,,0.1313543551909886
,,,,,0.1307983376659212
,,,,,0.13561841649138917
,,,,,0.13898157816819423
,,,,,0.14060225228450318
,,,,,0.13998030662960415
,,,,,0.1407515948581719
,,,,,0.13213592253657302
,,,,,0.13244287823783196
,,,,,0.13322231886955116
,,,,,0.13978287669242007
,,,,,0.13500840406429093
,,,,,0.1401675756005416
,,,,,0.14063001771552552
,,,,,0.1370597377383711
,,,,,0.13004678061599462
,,,,,0.12719001314072775
,,,,,0.1332979353625483
,,,,,0.1452511306437958
,,,,,0.14942539735876248
,,,,,0.1465108541568152
,,,,,0.14351466877258523
,,,,,0.1508566757902685
,,,,,0.15268056923150675
,,,,,0.159456397757876
,,,,,0.163505188354776
,,,,,0.15391678074123494
,,,,,0.16509407991387248
,,,,,0.16916472840327956
,,,,,0.16086806316151114
,,,,,0.16514004056352216
,,,,,0.1698585097265255
,,,,,0.1713396477831013
,,,,,0.16968707295880914
,,,,,0.1734886921442258
,,,,,0.1576204529380667
,,,,,0.16220340316752724
,,,,,0.17275497586061572
,,,,,0.16836520214060813
,,,,,0.16642374868291387
,,,,,0.1678888182347278
,,,,,0.18170761417913162
,,,,,0.18359566348864664
,,,,,0.18171127685301114
,,,,,0.17878279186016766
,,,,,0.17807530504756586
,,,,,0.17950811943908596
,,,,,0.18226020533186027
,,,,,0.17930962614496915
,,,,,0.16707074230111818
,,,,,0.16936523026049133
,,,,,0.17330638550564115
,,,,,0.17122964941594487
,,,,,0.17265029427812317
,,,,,0.1797832925831322
,,,,,0.18092758279356103
,,,,,0.1767638314971518
,,,,,0.17099003965376114
,,,,,0.17327850192384853
,,,,,0.1829674558429213
,,,,,0.1951074474920249
,,,,,0.20325110748624486
,,,,,0.19401159909742205
,,,,,0.18910385240038585
,,,,,0.18815675582560032
,,,,,0.2026070676372982
,,,,,0.20403751901341205
,,,,,0.19676262163326363
,,,,,0.1847664194716243
,,,,,0.1834628620228207
,,,,,0.1674273213259061
,,,,,0.176714798927474
,,,,,0.17637487916129913
,,,,,0.17609876081109044
,,,,,0.1633298526116398
,,,,,0.16325624468173827
,,,,,0.14886370859672082
,,,,,0.14135865351601318
,,,,,0.14329018230900137
,,,,,0.14190911795487615
,,,,,0.1425766698071138
,,,,,0.14895929256989926
,,,,,0.1566292861259564
,,,,,0.16460564462942084
,,,,,0.16331201184532307
,,,,,0.15196587522191618
,,,,,0.1566195977627911
,,,,,0.16104859753854095
,,,,,0.14380295665213616
,,,,,0.1464455167808354
,,,,,0.15619614540200866
,,,,,0.16980770489529307
,,,,,0.1751489467685876
,,,,,0.17611660157740672
,,,,,0.18132291527101008
,,,,,0.19134576326697195
,,,,,0.1951289509322205
,,,,,0.19266905189441674
,,,,,0.19649820020931497
,,,,,0.20708120100730532
,,,,,0.20591304434127422
,,,,,0.20997246850750195
,,,,,0.20401932379478427
,,,,,0.20602221565303824
,,,,,0.19991393897890686
,,,,,0.18159123567037816
,,,,,0.18172214672387899
,,,,,0.17516678753490367
,,,,,0.16272574772305637
,,,,,0.15274259838591764
,,,,,0.1701295475936102
,,,,,0.1666424457587523
,,,,,0.1708847673174161
,,,,,0.1737896221561983
,,,,,0.17617437730408625
,,,,,0.17353737026159144
,,,,,0.17562592142831845
,,,,,0.1719776619427611
,,,,,0.17091265089920848
,,,,,0.16894331385972183
,,,,,0.1671907834837496
,,,,,0.17290561809275684
,,,,,0.174622348785326
,,,,,0.18369337417569032
,,,,,0.184164204995366
,,,,,0.1920550223411277
,,,,,0.18300975381869056
,,,,,0.183482829503002
,,,,,0.1845795049529968
,,,,,0.18321238238976778
,,,,,0.18474467972988684
,,,,,0.18965467129155877
,,,,,0.18893324268806078
,,,,,0.1909861123221548
,,,,,0.19004598664281724
,,,,,0.18844835192671816
,,,,,0.20143595720200835
,,,,,0.20241566338939898
,,,,,0.20989106262675938
,,,,,0.2162676597002593
,,,,,0.23873367422193414
,,,,,0.24610167440908493
,,,,,0.2299784658406021
,,,,,0.21856072985038866
,,,,,0.22242957682411024
,,,,,0.2206948872144543
,,,,,0.20544398578315226
,,,,,0.20789998584553593
,,,,,0.22768941281666288
,,,,,0.22619492372304228
,,,,,0.2323470343329579
,,,,,0.23535538924652943
,,,,,0.2203887585685873
,,,,,0.20191694898793044
,,,,,0.17064220378597428
,,,,,0.1795465184394347
,,,,,0.172462434553333
,,,,,0.19312204194777527
,,,,,0.19466615436492507
,,,,,0.19041568040310985
,,,,,0.20277531433421503
,,,,,0.21011767580420915
,,,,,0.22689449443403364
,,,,,0.22981943490376788
,,,,,0.23698090754442092
,,,,,0.2351188514043736
,,,,,0.23679812830275537
,,,,,0.23142309530915273
,,,,,0.24540600267351387
,,,,,0.24738538252847686
,,,,,0.2476872577466127
,,,,,0.2428756857766068
,,,,,0.25024463116992
,,,,,0.2571416823866246
,,,,,0.23820282281094185
,,,,,0.239353375012197
,,,,,0.23272275378253582
,,,,,0.22031136981403576
,,,,,0.23495615779365986
,,,,,0.23215444857735634
,,,,,0.23592771157789905
,,,,,0.24303743418115764
,,,,,0.2520210280014943
,,,,,0.2589262316213503
,,,,,0.2584453579861985
,,,,,0.25532759545932215
,,,,,0.2711190366647813
,,,,,0.27227348784145655
,,,,,0.27412727342758236
,,,,,0.27665499100754265
,,,,,0.26777855993587485
,,,,,0.27565354507841544
,,,,,0.2798242672702729
,,,,,0.28034294915192315
,,,,,0.2751048529011071
,,,,,0.27630112945047136
,,,,,0.27070763568256995
,,,,,0.2810265695089227
,,,,,0.268972946072914
,,,,,0.27278803444614574
,,,,,0.285843340112822
,,,,,0.28409270014917465
,,,,,0.29648588889904737
,,,,,0.3025763248068625
,,,,,0.292752324557328
,,,,,0.302953816517995
,,,,,0.30783415223631994
,,,,,0.3089490229049423
,,,,,0.2985348595577215
,,,,,0.29833187653433324
,,,,,0.2859325439444045
,,,,,0.28168017957026437
,,,,,0.2738172458062951
,,,,,0.28207976547544455
,,,,,0.27740607545438767
,,,,,0.27463815735839203
,,,,,0.2632025806018623
,,,,,0.2719356947891469
,,,,,0.26414447854275447
,,,,,0.277068164251308
,,,,,0.3226815687870215
,,,,,0.322663728020705
,,,,,0.33051720972304977
,,,,,0.3397164286991976
,,,,,0.32815773884000743
,,,,,0.329585709049945
,,,,,0.3233146206143298
,,,,,0.31406306084693547
,,,,,0.3123878010747443
,,,,,0.30873824193071364
,,,,,0.31295846929533
,,,,,0.3269288526780385
,,,,,0.33981874726628414
,,,,,0.3531290222952841
,,,,,0.3568716842463173
,,,,,0.3526900921835916
,,,,,0.3583942932232711
,,,,,0.3545031157539613
,,,,,0.35219019627442005
,,,,,0.3615215078117717
,,,,,0.3540104270417783
,,,,,0.3502843061985883
,,,,,0.34300728210457443
,,,,,0.3383462342159407
,,,,,0.3353436686901141
,,,,,0.3282527320593347
,,,,,0.32564963428791827
,,,,,0.3223050222820514
,,,,,0.314211576365212
,,,,,0.28024382065563525
,,,,,0.2807086257860252
,,,,,0.2957721400956195
,,,,,0.29778921004631065
,,,,,0.3095878641199956
,,,,,0.31045804454331094
,,,,,0.3003680869098142
,,,,,0.28771047673599326
,,,,,0.28681784766631946
,,,,,0.28222190085212495
,,,,,0.2925014904719656
,,,,,0.29172807552953217
,,,,,0.2863381555388709
,,,,,0.28956969725755344
,,,,,0.26849538065933154
,,,,,0.27934398438897334
,,,,,0.2860333265514774
,,,,,0.3073048367853426
,,,,,0.3052353078926351
,,,,,0.31535882034489915
,,,,,0.33163089888396957
,,,,,0.33559084010159834
,,,,,0.3479417308757009
,,,,,0.3436823956061128
,,,,,0.35243358686125426
,,,,,0.3565705179328038
,,,,,0.35243181459969963
,,,,,0.35753167444925604
,,,,,0.34732439310084384
,,,,,0.3436116232946984
,,,,,0.3476685662947496
,,,,,0.3572640629545094
,,,,,0.3534635071260255
,,,,,0.34002704707433695
,,,,,0.3450785832588372
,,,,,0.3488061219112708
,,,,,0.3419979200738372
,,,,,0.35236860393758485
,,,,,0.34736728183046495
,,,,,0.34767766390406285
,,,,,0.3498327339544729
,,,,,0.33619329087939587
,,,,,0.3135498139007191
,,,,,0.3145537409960226
,,,,,0.3193916605878069
,,,,,0.31370411880674065
,,,,,0.30784773957490486
,,,,,0.3260383503222297
,,,,,0.3063879868077546
,,,,,0.2861152050352993
,,,,,0.30080299989531545
,,,,,0.28787222514054345
,,,,,0.29460634644499417
,,,,,0.26768663863657527
,,,,,0.2532217942801296
,,,,,0.25072491405121955
,,,,,0.23447162148462808
,,,,,0.2548766139690575
,,,,,0.26556689566648695
,,,,,0.25769309203164936
,,,,,0.26928722712193176
,,,,,0.26894518064189143
,,,,,0.26991401695841377
,,,,,0.2880005368770975
,,,,,0.28812695820132683
,,,,,0.28411290393089716
,,,,,0.2794219638973754
,,,,,0.25777142599236336
,,,,,0.27041036834447585
,,,,,0.27005343486737665
,,,,,0.2771722550799487
,,,,,0.2263764033062341
,,,,,0.1588941182419803
,,,,,0.14833025786877996
,,,,,0.13865099231287226
