Date,A2C,PPO,SAC,Equal_Weight
2023-06-01,0.0,0.0,0.0,0.0
2023-06-02,0.02029381216706061,0.0202988319022433,0.0175151164963647,0.02030879349248427
2023-06-03,0.0,0.0,0.0,0.0
2023-06-04,0.0,0.0,0.0,0.0
2023-06-05,-0.005436001588152885,-0.005441701779085562,-0.005586440875918803,-0.005439362232917559
2023-06-06,0.0006276265167108426,0.0006226788863659042,0.001322485971161192,0.0006291726906064389
2023-06-07,0.0013467492854544987,0.0013408369460259605,4.974392826510263e-06,0.001362745950919342
2023-06-08,0.0061402902061939435,0.006133702887078781,0.005756962794944003,0.0061316532037511305
2023-06-09,0.0007075014055574712,0.0007175479591994865,0.0008312174646151443,0.0007104531886907592
2023-06-10,0.0,0.0,0.0,0.0
2023-06-11,0.0,0.0,0.0,0.0
2023-06-12,0.006616773884648673,0.0066132783742264434,0.007283796497473219,0.006617730334200803
2023-06-13,0.005464315156405654,0.0054595763105706714,0.005963010708799372,0.005463651196430353
2023-06-14,-0.0003862872323282339,-0.0003745838358398813,0.0020436076148239238,-0.00038567020945629396
2023-06-15,0.011526791137679364,0.011524214937101589,0.011257595952299974,0.011520706280093159
2023-06-16,-0.0022287627512310023,-0.0022380865832595633,-0.002199660355427122,-0.0022301738347851505
2023-06-17,0.0,0.0,0.0,0.0
2023-06-18,0.0,0.0,0.0,0.0
2023-06-19,0.0,0.0,0.0,0.0
2023-06-20,-0.007162679120571261,-0.007148992521441244,-0.006860381796782086,-0.007162857985161726
2023-06-21,-0.003579353983188891,-0.003577372748495314,-0.005806456044715191,-0.003576389393648945
2023-06-22,0.0012699044165042671,0.001269120962915611,0.002173598148208406,0.0012574389784740791
2023-06-23,-0.006433948768032114,-0.006427811280154052,-0.006753746104757887,-0.00642800127984439
2023-06-24,0.0,0.0,0.0,0.0
2023-06-25,0.0,0.0,0.0,0.0
2023-06-26,-0.0007542425747726724,-0.0007635221318041107,-0.0018730792198479325,-0.0007515783962272369
2023-06-27,0.007214128839756222,0.007227127994045925,0.007553634247221569,0.007218821871189073
2023-06-28,-0.001837061334613078,-0.0018411089306132073,-0.0010465649484857895,-0.001833733037227318
2023-06-29,0.00718230617741293,0.007194276980465085,0.007443732022636967,0.0071908978418487165
2023-06-30,0.009428918275956957,0.009442537411256769,0.00939914266391177,0.009433606553539054
2023-07-01,0.0,0.0,0.0,0.0
2023-07-02,0.0,0.0,0.0,0.0
2023-07-03,0.0007066771906732787,0.0006923718337313988,0.0012785218012233762,0.0007028653104965625
2023-07-04,0.0,0.0,0.0,0.0
2023-07-05,-0.003217802088694089,-0.00322710270600258,-0.004344857159904863,-0.0032239360774411916
2023-07-06,-0.011036211175078256,-0.01102041025121354,-0.01123717420654013,-0.011041310033455033
2023-07-07,-0.004617714323139334,-0.004626045640987626,-0.00480716181959984,-0.004615238158072062
2023-07-08,0.0,0.0,0.0,0.0
2023-07-09,0.0,0.0,0.0,0.0
2023-07-10,0.0034329737817903206,0.003445896921176274,0.003154019722587462,0.0034546711510421214
2023-07-11,0.010110490428143491,0.01010081831670265,0.010273416726729498,0.010118819800030824
2023-07-12,0.0031997385277806882,0.003199614574713046,0.004503277516425116,0.0031922198856415783
2023-07-13,0.0044968135226931515,0.004493861924848227,0.006201088376384348,0.004498342274804441
2023-07-14,-0.0011344872509709207,-0.0011051085437131965,-0.0025966518288193714,-0.0011376244583768626
2023-07-15,0.0,0.0,0.0,0.0
2023-07-16,0.0,0.0,0.0,0.0
2023-07-17,-0.0005640952017702263,-0.0005499845195909509,-0.0014564216648079791,-0.0005651381483108137
2023-07-18,0.00783577511709407,0.007838973725601325,0.009927361546498094,0.007839003476895567
2023-07-19,0.005667948964330011,0.005646100084823447,0.00670134967202916,0.005666476686074898
2023-07-20,0.0027431778618154596,0.0027458160574033177,-5.214156209762226e-05,0.0027419635489191203
2023-07-21,0.000567918535992862,0.0005541282328384049,0.00011855137658493951,0.0005634763424586462
2023-07-22,0.0,0.0,0.0,0.0
2023-07-23,0.0,0.0,0.0,0.0
2023-07-24,0.0037218393297854604,0.0037303930159095318,0.0025150246981948702,0.003721776985538061
2023-07-25,0.002850545915831038,0.0028500763683003034,0.004210551613594189,0.002847382540189214
2023-07-26,0.0038417651806192505,0.003829737808480894,0.0030046952041108614,0.003851603891627512
2023-07-27,-0.00738350640827026,-0.007362658754226776,-0.008832683176546254,-0.007372704163233505
2023-07-28,0.006580362642944779,0.0065927989812100095,0.006927025094701286,0.006590191125251566
2023-07-29,0.0,0.0,0.0,0.0
2023-07-30,0.0,0.0,0.0,0.0
2023-07-31,0.00266617790304781,0.0026619283570050007,0.0031610386992258666,0.0026746888214952413
2023-08-01,0.00021591266854016435,0.00022507740392565382,-0.0009921860168586169,0.00022834399081466858
2023-08-02,-0.010814353601030691,-0.010832485468643707,-0.012840840261843534,-0.010819342664597354
2023-08-03,-0.002111900571606359,-0.0021153944745358894,-0.002483300088064912,-0.0021152600110854515
2023-08-04,-0.0016780311906891702,-0.0016837710368556474,-0.0018289126432349423,-0.0016953399664536204
2023-08-05,0.0,0.0,0.0,0.0
2023-08-06,0.0,0.0,0.0,0.0
2023-08-07,0.010392740007277183,0.010390191815641745,0.009077180679625103,0.01039265160969911
2023-08-08,-0.003985628289677332,-0.003984215020067003,-0.003543354143580192,-0.003974907261678321
2023-08-09,-0.006033192168136503,-0.006041873646476667,-0.007845149937301205,-0.006032802195824871
2023-08-10,0.002718772608238708,0.002722214399872252,0.003735995295895229,0.0027263303777719018
2023-08-11,0.0017241314215905156,0.0017167200108431945,0.0006924824156159634,0.0017238791241439158
2023-08-12,0.0,0.0,0.0,0.0
2023-08-13,0.0,0.0,0.0,0.0
2023-08-14,0.003455545108364686,0.003480952459813041,0.005080564186892772,0.003463487924713334
2023-08-15,-0.01038511998825348,-0.010390076730331347,-0.010298007727798273,-0.010393033744731361
2023-08-16,-0.005084658298720192,-0.005079865955413152,-0.005110049969247335,-0.0050800942964767705
2023-08-17,-0.005161044238023486,-0.005172626262870543,-0.0045757068586213005,-0.0051562925426293
2023-08-18,0.0013321177053426574,0.0013408545049966854,0.0009519266471566762,0.0013356902636262509
2023-08-19,0.0,0.0,0.0,0.0
2023-08-20,0.0,0.0,0.0,0.0
2023-08-21,0.0017907692286256132,0.0018184888979535922,0.003692364190322313,0.0018049609140683765
2023-08-22,-0.005638978236703595,-0.005655195437461435,-0.006507780690231521,-0.005647836543695498
2023-08-23,0.006649032671790408,0.006662025753053034,0.007597428388503768,0.006655943819539249
2023-08-24,-0.010620946608545559,-0.010623687383491405,-0.01131628773563871,-0.010632792849651669
2023-08-25,0.005835851072763079,0.005830537527431858,0.004627540908153742,0.005833512681055194
2023-08-26,0.0,0.0,0.0,0.0
2023-08-27,0.0,0.0,0.0,0.0
2023-08-28,0.006652785301648253,0.006651004663544848,0.007330131247153883,0.006661511122506403
2023-08-29,0.010128226162524156,0.010125154227059957,0.012436225356526491,0.010123954144094834
2023-08-30,0.0019397612963631364,0.0019342863718154345,0.0019901196234898798,0.0019411032130994526
2023-08-31,-0.0011337892187146727,-0.001144160125162835,-0.00029564177628170116,-0.0011301045504407397
2023-09-01,0.0022986982640143877,0.002292614183834168,0.0018963948383572244,0.002302123403165124
2023-09-02,0.0,0.0,0.0,0.0
2023-09-03,0.0,0.0,0.0,0.0
2023-09-04,0.0,0.0,0.0,0.0
2023-09-05,-0.006960134631449313,-0.006944800044880748,-0.00747667607478159,-0.006960080719549447
2023-09-06,-0.0063988411789542175,-0.006399168480537325,-0.007177685878167814,-0.0063969566846770725
2023-09-07,-4.121038694791183e-06,-7.677056084539507e-06,-0.0019994943594378364,-3.178018295535228e-06
2023-09-08,0.0015238515409443192,0.0015272656653799337,0.0026402234401233056,0.0015263836384260543
2023-09-09,0.0,0.0,0.0,0.0
2023-09-10,0.0,0.0,0.0,0.0
2023-09-11,0.0044732261798042985,0.004467718107371041,0.004321606935370341,0.004465705269916394
2023-09-12,-0.0017084656851961116,-0.0017142430220310628,-0.0022399743037138952,-0.0017010570999686319
2023-09-13,-0.0016536093535730672,-0.0016505968639990063,-0.0028025015140345456,-0.0016679237456381705
2023-09-14,0.008227501337167835,0.008211552078445861,0.009082174390022617,0.00822531662118717
2023-09-15,-0.009631476651750827,-0.009624831025924343,-0.009487528106247265,-0.009618339515842636
2023-09-16,0.0,0.0,0.0,0.0
2023-09-17,0.0,0.0,0.0,0.0
2023-09-18,-0.0001506894399329925,-0.00015526346487245807,-0.0006450543176157782,-0.00015087375753544495
2023-09-19,-0.003435020020371592,-0.0034355977090236665,-0.0038307647455282498,-0.003434883737231372
2023-09-20,-0.0033982111104465954,-0.003402135711873629,-0.00501304899498417,-0.003400111740118583
2023-09-21,-0.014377001903832617,-0.014352618991618276,-0.014612433973116014,-0.014369071338230743
2023-09-22,-0.0027974537117883454,-0.002791259040558507,-0.0037207224407334537,-0.0027939716513128913
2023-09-23,0.0,0.0,0.0,0.0
2023-09-24,0.0,0.0,0.0,0.0
2023-09-25,0.0008716333643721695,0.0008798727866782476,0.0006472907807714074,0.0008743846613347225
2023-09-26,-0.011736617582645228,-0.01172881733189691,-0.011202020861300852,-0.011731439912455913
2023-09-27,-0.002773429086844617,-0.002757448165815693,-0.0032698079819378236,-0.0027640807099592896
2023-09-28,0.0031817370049322885,0.0032077916629696776,0.004543284207384848,0.003196576985007449
2023-09-29,-0.002376604142564108,-0.0023843363376044647,-0.0006706932789884506,-0.0023775085540856163
2023-09-30,0.0,0.0,0.0,0.0
2023-10-01,0.0,0.0,0.0,0.0
2023-10-02,-0.0025834250482121577,-0.002558543521840364,-0.001739523874929236,-0.002578749466181399
2023-10-03,-0.012238622037988514,-0.012230579443623766,-0.013377190954416028,-0.0122345576251168
2023-10-04,0.004395316767831441,0.0044024159391698025,0.005803025128988219,0.004397303259415675
2023-10-05,-0.0007684525433675948,-0.0007470544251279546,0.0016384597176083383,-0.0007553108607087876
2023-10-06,0.008551562355124664,0.008565191488780191,0.01022436937191397,0.008553735290198382
2023-10-07,0.0,0.0,0.0,0.0
2023-10-08,0.0,0.0,0.0,0.0
2023-10-09,0.004681662620183844,0.0046821875449072035,0.004420361830338571,0.0046884104038877215
2023-10-10,0.005463162817088743,0.005451834453576335,0.004657840395534387,0.005455484079606228
2023-10-11,0.0021184588865727255,0.002114034111649846,0.003940446299496553,0.0021133342947135905
2023-10-12,-0.005842311549342743,-0.0058237028762329664,-0.004829940783321762,-0.005829673939559828
2023-10-13,-0.0015471737759297777,-0.0015296411861527102,-0.002585226494891494,-0.0015377224774836202
2023-10-14,0.0,0.0,0.0,0.0
2023-10-15,0.0,0.0,0.0,0.0
2023-10-16,0.011047710151522495,0.01103948832975404,0.01155357213362268,0.011046229200181586
2023-10-17,9.97635723957537e-05,9.340535127130099e-05,-0.0012311324334118572,0.00010185832911719193
2023-10-18,-0.01168606891027506,-0.011690883698089141,-0.013804197153755384,-0.011690480983355818
2023-10-19,-0.006521857101530521,-0.006530960459964546,-0.0058681427768799725,-0.0065349854097233664
2023-10-20,-0.008489874818000709,-0.008507427756907602,-0.009049991507455687,-0.008505585819115716
2023-10-21,0.0,0.0,0.0,0.0
2023-10-22,0.0,0.0,0.0,0.0
2023-10-23,-0.0027833644366135222,-0.0027829683568575386,-0.0011458106802015216,-0.0027830234340569674
2023-10-24,0.009860065606827178,0.009862262865512438,0.010629766351643673,0.009846726502462492
2023-10-25,-0.006981708618324927,-0.006962634586790476,-0.008522250692037336,-0.00698437819478539
2023-10-26,-0.007021475684845787,-0.007064409410437363,-0.00799884962091897,-0.007048357527139759
2023-10-27,-0.009844222020652363,-0.009833408496881508,-0.011148674198492267,-0.00984758984423469
2023-10-28,0.0,0.0,0.0,0.0
2023-10-29,0.0,0.0,0.0,0.0
2023-10-30,0.016243667643592998,0.016247372256950172,0.01624279303623225,0.016244694132372544
2023-10-31,0.005163156136848013,0.005160465797394184,0.005358481164580657,0.005156313417347546
2023-11-01,0.007055804448885334,0.0070586265311095246,0.0073211970819156815,0.007047822218714931
2023-11-02,0.017595707708940703,0.017601783062094895,0.018871325828670626,0.017609143382303197
2023-11-03,0.007800305607771327,0.007798097423302394,0.010542227935804107,0.007800610780775951
2023-11-04,0.0,0.0,0.0,0.0
2023-11-05,0.0,0.0,0.0,0.0
2023-11-06,0.0015340866731084458,0.001537460369210405,0.002036628146264903,0.0015311062372134715
2023-11-07,0.002260610693593578,0.0022728859270635064,0.003447962982066317,0.0022590878347237536
2023-11-08,-0.0006359031244403035,-0.0006234199653317859,0.0007936042286474864,-0.0006323669328158162
2023-11-09,-0.004827951621136886,-0.004826080980347893,-0.005099802736353438,-0.004821764865083366
2023-11-10,0.010479294812050996,0.010489542625189719,0.010134036663102402,0.010476401639272836
2023-11-11,0.0,0.0,0.0,0.0
2023-11-12,0.0,0.0,0.0,0.0
2023-11-13,0.0017145643400076273,0.0017064621554344177,0.0005936476864144801,0.001707320284430691
2023-11-14,0.014677812986346234,0.014664900971833891,0.016328809553979036,0.01467866770857702
2023-11-15,0.004154957626171467,0.0041579323593453656,0.004487739165433264,0.004161371552211198
2023-11-16,-0.002453467238633194,-0.002467721921255969,-0.001647357862729596,-0.0024695440567758073
2023-11-17,0.000806999229337838,0.0008078159279536728,-0.00020763257477712923,0.0008122516737476476
2023-11-18,0.0,0.0,0.0,0.0
2023-11-19,0.0,0.0,0.0,0.0
2023-11-20,0.007018791545267341,0.007028985473189547,0.007918251976833013,0.007025876969894821
2023-11-21,-0.001723319186198423,-0.0017236843251667597,-0.0031216677086457556,-0.0017273895957511834
2023-11-22,0.004448310832669397,0.004430345536562822,0.0041933579929152535,0.004439448547958025
2023-11-23,0.0,0.0,0.0,0.0
2023-11-24,0.0025847872471648327,0.00257604880450668,0.0018361013838583125,0.0025804141945395967
2023-11-25,0.0,0.0,0.0,0.0
2023-11-26,0.0,0.0,0.0,0.0
2023-11-27,-0.0006494743655214694,-0.0006446701841422576,-0.0007576019311221361,-0.000648954446182326
2023-11-28,0.0011884089237826827,0.001181081401297527,0.0005321919622983172,0.0011819629246171562
2023-11-29,0.0019620899341214245,0.0019640678022406675,0.003722370270355011,0.0019690226822175693
2023-11-30,0.011781607405767218,0.011773547782647008,0.01178972654962439,0.011790625233822098
2023-12-01,0.008921231562472926,0.008900834286651657,0.00966363602326412,0.00892039907854265
2023-12-02,0.0,0.0,0.0,0.0
2023-12-03,0.0,0.0,0.0,0.0
2023-12-04,-0.0014451358312110847,-0.001458892472138021,-0.0020133820070112286,-0.0014509231607054195
2023-12-05,-0.0005909885755639722,-0.0005741781364768853,0.00016089445457932356,-0.0005890803271061988
2023-12-06,-0.0025987131065960027,-0.002604265055189456,-0.0032024425128745256,-0.0025996286956611564
2023-12-07,0.00314734257230191,0.0031548537352895424,0.004071087301489625,0.003154095318659933
2023-12-08,0.002841024471316593,0.0028486700408454344,0.0035406498692694293,0.00284105987207001
2023-12-09,0.0,0.0,0.0,0.0
2023-12-10,0.0,0.0,0.0,0.0
2023-12-11,0.003614364995092062,0.0036006227561980906,0.0024713383358022935,0.0036105424244798384
2023-12-12,0.004646109874899097,0.004650203509619009,0.00489161491298422,0.004647861695948482
2023-12-13,0.013064950016361218,0.013057474299878382,0.013450321833151825,0.013065302362697366
2023-12-14,0.004730025702523597,0.0047088663928218175,0.006222806640446709,0.004733311874519793
2023-12-15,0.00175870609355464,0.00177207788663194,0.001914398039140722,0.0017589815492399573
2023-12-16,0.0,0.0,0.0,0.0
2023-12-17,0.0,0.0,0.0,0.0
2023-12-18,0.0032856488361023475,0.0032918784780221915,0.003024008948822686,0.003284755428834389
2023-12-19,0.004951109071763932,0.0049553720606965185,0.005143724116960434,0.004960101808149883
2023-12-20,-0.013612646602921556,-0.013614864346332323,-0.014253982698477441,-0.01361743028832562
2023-12-21,0.00864265808837434,0.008647025866616649,0.009514343385299032,0.008646765518337648
2023-12-22,-0.0013885417555681116,-0.001398602093767761,-0.0030947292238789805,-0.0013974361778158733
2023-12-23,0.0,0.0,0.0,0.0
2023-12-24,0.0,0.0,0.0,0.0
2023-12-25,0.0,0.0,0.0,0.0
2023-12-26,0.004000939962829045,0.003998042646835932,0.0032837349733964745,0.004001825721531264
2023-12-27,0.00219951959175845,0.002201959479405217,0.0019943254598892807,0.002200744852140509
2023-12-28,0.0016942772734044938,0.0016952130834006877,0.0027408468625041956,0.0016963190436671198
2023-12-29,-0.0005516432784835072,-0.00055038720090099,-0.0009629684423880975,-0.0005522724295734933
2023-12-30,0.0,0.0,0.0,0.0
2023-12-31,0.0,0.0,0.0,0.0
2024-01-01,0.0,0.0,0.0,0.0
2024-01-02,0.0001056729116768368,0.00010069229146009265,-0.00010258014040268878,0.00010714059904094064
2024-01-03,-0.006520395944739579,-0.006509587103717425,-0.006092882049834687,-0.006509408074832035
2024-01-04,-0.0006124374014670659,-0.0006232006075587829,-0.0005304988515112801,-0.0006165501410593651
2024-01-05,0.0021262955114813666,0.002125562482448591,0.0029535705613192706,0.002129918394047007
2024-01-06,0.0,0.0,0.0,0.0
2024-01-07,0.0,0.0,0.0,0.0
2024-01-08,0.007832524062412742,0.00790935214151138,0.01075580000349399,0.007881358525710709
2024-01-09,-0.0033565938059127187,-0.0033276710342439583,-0.003985737590651373,-0.003347420670800272
2024-01-10,0.005063525188250731,0.005075380299998373,0.004330315015867948,0.005062623164635538
2024-01-11,0.0003389734127736322,0.0003596812535605103,0.0007567617423849282,0.00034244910254999474
2024-01-12,0.00034462689342022816,0.0003278785505472391,0.001242016051277242,0.0003372346786375064
2024-01-13,0.0,0.0,0.0,0.0
2024-01-14,0.0,0.0,0.0,0.0
2024-01-15,0.0,0.0,0.0,0.0
2024-01-16,-0.0047515521870529894,-0.004741154139825542,-0.002473941978549587,-0.00474467911537505
2024-01-17,-0.0037281218926536273,-0.003729340186402473,-0.004679191592438163,-0.003735317906004328
2024-01-18,0.0075283964848034774,0.00751927686660446,0.007994050989264128,0.007525894714533976
2024-01-19,0.011751730326675982,0.011761479112815694,0.012368813527297639,0.011757174958825566
2024-01-20,0.0,0.0,0.0,0.0
2024-01-21,0.0,0.0,0.0,0.0
2024-01-22,0.003425105547188946,0.0034133964084957537,0.004069337327559093,0.0034240595703188196
2024-01-23,-0.0013035447485406444,-0.0013219539254375307,-0.002184851835736614,-0.001312164397791889
2024-01-24,-0.003439256835805881,-0.003444295809595797,-0.0037244607282492783,-0.0034467465360503487
2024-01-25,0.010147817367489285,0.010148970536673097,0.010974227698569806,0.01015363553579248
2024-01-26,0.002806403241671245,0.002799221089456923,0.003514175806290362,0.0028069808372284933
2024-01-27,0.0,0.0,0.0,0.0
2024-01-28,0.0,0.0,0.0,0.0
2024-01-29,0.0064730128912966825,0.006489878178721591,0.007500860321031003,0.006484108605665972
2024-01-30,0.0026234082995912774,0.0026302268990283442,0.002680651659479308,0.0026365050265127177
2024-01-31,-0.010462258285579444,-0.010490623317004497,-0.012758961644799102,-0.010492934824856207
2024-02-01,0.011310733559970844,0.011307215285519817,0.012190116975857212,0.011313715830100594
2024-02-02,0.005994944185458065,0.00602648556417475,0.0054407495131408206,0.006002971680988801
2024-02-03,0.0,0.0,0.0,0.0
2024-02-04,0.0,0.0,0.0,0.0
2024-02-05,-0.0058328768460519055,-0.00580788656790593,-0.004716764330976896,-0.005819598771021343
2024-02-06,0.003752358673067092,0.0037526018503905344,0.0037926030189819513,0.0037555591328596277
2024-02-07,0.003618287843379076,0.0036205226670417666,0.002530953803519211,0.0036013214799211117
2024-02-08,0.002951368890646119,0.0029446639231829634,0.004615142539736395,0.0029623952374601917
2024-02-09,0.00034907470520822916,0.0003615471997413221,0.0007312651832992408,0.00034249235618615616
2024-02-10,0.0,0.0,0.0,0.0
2024-02-11,0.0,0.0,0.0,0.0
2024-02-12,0.003096422530535259,0.0030906011308948654,0.0033095618289691146,0.003103036402472403
2024-02-13,-0.01111511905487729,-0.01109743196301768,-0.011148110805348525,-0.011106195753339225
2024-02-14,0.00496516069239032,0.004978674220903847,0.006414204285494442,0.0049712053614267525
2024-02-15,0.007574497161918995,0.007571183410375013,0.00575345908531027,0.007578792331550654
2024-02-16,-0.004037991084111464,-0.004043778344653657,-0.005461471891810312,-0.004043295398517044
2024-02-17,0.0,0.0,0.0,0.0
2024-02-18,0.0,0.0,0.0,0.0
2024-02-19,0.0,0.0,0.0,0.0
2024-02-20,-0.002080445850274332,-0.0021009736801815187,-0.0034094821414999868,-0.002095997244760898
2024-02-21,0.00131317865990597,0.0013008641379166808,0.0012619294194339966,0.001305153183274436
2024-02-22,0.015803335330352372,0.015862867523112004,0.017026448391343138,0.01581723628922912
2024-02-23,0.0018604098891602384,0.001861975656922391,0.002076923237974438,0.0018619108052822814
2024-02-24,0.0,0.0,0.0,0.0
2024-02-25,0.0,0.0,0.0,0.0
2024-02-26,-0.0023316165722833343,-0.0023247056310899458,-0.002741314371078593,-0.0023250350576176785
2024-02-27,-0.0004247311636566371,-0.0004214957757088684,0.0005690307169792291,-0.00041989194597743515
2024-02-28,0.000526372317546526,0.0005089522466244652,5.3302625421924955e-05,0.0005184992980887704
2024-02-29,0.0015392427459852706,0.001553359149618311,0.0027309251030457893,0.0015479253726358054
2024-03-01,0.0029140311307704367,0.0029300199947496,0.0039615717256769436,0.002926267723685313
2024-03-02,0.0,0.0,0.0,0.0
2024-03-03,0.0,0.0,0.0,0.0
2024-03-04,-0.0006429684918175069,-0.0006530401993064914,-0.00041701068036480534,-0.0006499445505481574
2024-03-05,-0.0065812059161966825,-0.006574300140958042,-0.008045359303782933,-0.006576723271372464
2024-03-06,0.002618647234214188,0.002631664515198556,0.0019628556636660352,0.002626159395359362
2024-03-07,0.004324524290925041,0.004334927125358545,0.004217940092461719,0.004324348611320457
2024-03-08,-0.002181356083250805,-0.0021861460649615447,-0.001367876866747796,-0.00217766186369633
2024-03-09,0.0,0.0,0.0,0.0
2024-03-10,0.0,0.0,0.0,0.0
2024-03-11,0.0014441182620671938,0.0014495538691590136,0.0021953667784896888,0.0014533355228176117
2024-03-12,0.007980859482886696,0.008009093697319851,0.00919723253673894,0.007984865814363421
2024-03-13,0.001545917145361999,0.0015320893088616226,0.0020623533358114367,0.0015422743600261154
2024-03-14,-0.005386296701799834,-0.0053900793303878055,-0.005992424496782625,-0.005394414299823262
2024-03-15,-0.004202419093630087,-0.0041911552642059586,-0.004498383160169368,-0.004188049780469613
2024-03-16,0.0,0.0,0.0,0.0
2024-03-17,0.0,0.0,0.0,0.0
2024-03-18,0.002618679818468144,0.002631687600796919,0.004082606859100149,0.0026295957484785046
2024-03-19,0.006918126573305999,0.006916194826318615,0.006591684466434735,0.006919229207430041
2024-03-20,0.01018422465150934,0.010174782596971169,0.011419354611079156,0.010181033921799339
2024-03-21,0.004824635710385285,0.004836550977653233,0.005853629033527765,0.0048304162699474755
2024-03-22,-0.006579235818039831,-0.006573577975820641,-0.007056717678193504,-0.0065900642220708015
2024-03-23,0.0,0.0,0.0,0.0
2024-03-24,0.0,0.0,0.0,0.0
2024-03-25,-0.0014172831297554465,-0.0014183538829042365,-8.894429076028586e-06,-0.0014114123833161242
2024-03-26,-0.0025830265352997065,-0.002592784687061341,-0.0029135362929991844,-0.002586985366284426
2024-03-27,0.011886576228105659,0.011864196176042677,0.011946241812485728,0.011883523820452683
2024-03-28,0.0016582347033469041,0.0016598940695497241,0.0016554992460953786,0.0016620919934054604
2024-03-29,0.0,0.0,0.0,0.0
2024-03-30,0.0,0.0,0.0,0.0
2024-03-31,0.0,0.0,0.0,0.0
2024-04-01,-0.004347658850939597,-0.004331283012646546,-0.0031679425152547494,-0.00433492279887158
2024-04-02,-0.007700947513207096,-0.007700310914939421,-0.007275605772988934,-0.0077034174939597634
2024-04-03,-0.002218660049734605,-0.0022232381689536586,-0.002236057031876033,-0.002219062649335487
2024-04-04,-0.013400150552912781,-0.013403168876689344,-0.015082452114416625,-0.013406710175850559
2024-04-05,0.007509429649190074,0.007524871204804534,0.008150307770896053,0.007515548782011971
2024-04-06,0.0,0.0,0.0,0.0
2024-04-07,0.0,0.0,0.0,0.0
2024-04-08,-0.0009294980386308707,-0.0009243406827183485,-0.0011885537223730973,-0.0009261658639886186
2024-04-09,0.0005360906303382365,0.0005317852696195836,0.0011204133524729378,0.0005400449432460652
2024-04-10,-0.009023303888843403,-0.009011884014969055,-0.009844664172502337,-0.009016602831006056
2024-04-11,0.0024276133645538614,0.002444222575430345,0.005124249858007107,0.0024492631828288646
2024-04-12,-0.012312827337421537,-0.012334792483570011,-0.013125556340014482,-0.012312148235515944
2024-04-13,0.0,0.0,0.0,0.0
2024-04-14,0.0,0.0,0.0,0.0
2024-04-15,-0.006543081724482071,-0.006560044937183014,-0.007572990661008309,-0.006562550406627299
2024-04-16,-0.0005888784271237948,-0.0005932060804164413,-0.0016178619467858157,-0.0005946302767251797
2024-04-17,-0.002865582510693371,-0.002860287323548038,-0.00211879370617555,-0.0028639209318823875
2024-04-18,0.0014019723708313953,0.001397928877987614,0.0001543138639733965,0.001393552266426031
2024-04-19,0.0023662010243099894,0.002360585717312561,0.0010116681779332407,0.0023592206449268883
2024-04-20,0.0,0.0,0.0,0.0
2024-04-21,0.0,0.0,0.0,0.0
2024-04-22,0.006537789644365018,0.006538109217466104,0.006285911807642449,0.006531265934714791
2024-04-23,0.006438641928603206,0.006437032946809319,0.008014144789623256,0.006438904374735746
2024-04-24,-0.001456204212848286,-0.0014631946060134117,-0.0011482344769873352,-0.0014542956898756436
2024-04-25,-0.005698385220919878,-0.00566213737855327,-0.003822094271266069,-0.005679680564823749
2024-04-26,0.005020565559653875,0.005031273569510789,0.006234915334789845,0.005016939257165483
2024-04-27,0.0,0.0,0.0,0.0
2024-04-28,0.0,0.0,0.0,0.0
2024-04-29,0.004188029834121441,0.004163289375130104,0.004139470167108715,0.004182316406908459
2024-04-30,-0.013015207108442232,-0.013039798349936958,-0.013633343502599034,-0.013016507474522425
2024-05-01,0.0010263483569382822,0.0010050648284688239,-0.0008385577992580464,0.0010087253098164347
2024-05-02,0.008099469007809555,0.008114085652235186,0.00819036620983851,0.008099313485047232
2024-05-03,0.010646000218829792,0.010638109231683845,0.014406032653567656,0.01063841719354699
2024-05-04,0.0,0.0,0.0,0.0
2024-05-05,0.0,0.0,0.0,0.0
2024-05-06,0.005869375267202586,0.0058886585708342425,0.006556807489799132,0.005873728613849812
2024-05-07,-0.0007502424277925882,-0.0007541761557073545,-0.002617698745908762,-0.0007553890051037312
2024-05-08,0.004012029916853108,0.004011468077172571,0.004790555702490604,0.0040133572800759906
2024-05-09,0.006104950380331806,0.006097346203299563,0.005328014329879624,0.006102934983467364
2024-05-10,0.0029813289143290123,0.002985837664114496,0.002545304778250495,0.0029871290242545535
2024-05-11,0.0,0.0,0.0,0.0
2024-05-12,0.0,0.0,0.0,0.0
2024-05-13,-0.0005435834610651725,-0.0005466260059848164,0.0004388677393916634,-0.0005446658875323288
2024-05-14,0.0018340573661807496,0.0018372851819112412,0.002789215623293875,0.0018342723502998814
2024-05-15,0.007148257304666187,0.0071627365058418236,0.008953821723721845,0.007147254580099227
2024-05-16,0.0026825759012743984,0.0026858008813134293,0.0007126963127897257,0.002694628866690977
2024-05-17,0.0016922147692890646,0.0016967772623674568,0.0009605745754887077,0.0016980040549097225
2024-05-18,0.0,0.0,0.0,0.0
2024-05-19,0.0,0.0,0.0,0.0
2024-05-20,-0.004526979807805399,-0.004530013005476134,-0.0038948776245814366,-0.004518367830412559
2024-05-21,0.0011208894120308098,0.0011271150569958823,0.0014767781405891198,0.0011152590980520682
2024-05-22,-0.0032147032417658592,-0.003196436832860598,-0.003857957599249856,-0.0032122862713449807
2024-05-23,-0.012030071138612262,-0.012014866838544616,-0.009221822852289506,-0.012006197137404827
2024-05-24,0.0021039164515567394,0.002104786232478998,0.0034412258351500555,0.0021054288404742066
2024-05-25,0.0,0.0,0.0,0.0
2024-05-26,0.0,0.0,0.0,0.0
2024-05-27,0.0,0.0,0.0,0.0
2024-05-28,-0.003289326822868766,-0.003303732388020797,-0.002298010627369959,-0.003287136230267884
2024-05-29,-0.008068620418285226,-0.008073114593042155,-0.006535606892258016,-0.008072327944251249
2024-05-30,-0.0034018541687088643,-0.003409052592727003,-0.007222677048927097,-0.00340911413743515
2024-05-31,0.014156024313872237,0.014155564899959573,0.014472855953769665,0.014166774270359084
2024-06-01,0.0,0.0,0.0,0.0
2024-06-02,0.0,0.0,0.0,0.0
2024-06-03,0.0002607531027820202,0.00027628689326004735,0.0016614196354898382,0.00025709366973530873
2024-06-04,0.005162643929938214,0.005150707574890349,0.004616413024159414,0.0051506691996291805
2024-06-05,0.0019215831870075882,0.0019176537549356054,0.002202410192028333,0.001913762504966521
2024-06-06,0.0021163473323582874,0.00210707194179024,0.0011842655484411951,0.0021080291757381094
2024-06-07,-0.002000359014607788,-0.001996628939993814,-0.0020417387446472093,-0.0020008172389776218
2024-06-08,0.0,0.0,0.0,0.0
2024-06-09,0.0,0.0,0.0,0.0
2024-06-10,0.0015599619382825202,0.0015661962799689607,0.0006669792189445274,0.0015627424205545749
2024-06-11,-0.0025749247792389465,-0.0025733264588401047,-0.0022132998820347093,-0.00256917574829099
2024-06-12,-0.002310634766516671,-0.0023066194501128053,-0.0010349542156051009,-0.002302820940428755
2024-06-13,-0.00029588686624086195,-0.00027132661851342495,-0.0002438645276558656,-0.00028640141870055473
2024-06-14,-0.0009434842176440431,-0.0009398861171493359,-7.074231318076575e-05,-0.000942056236247065
2024-06-15,0.0,0.0,0.0,0.0
2024-06-16,0.0,0.0,0.0,0.0
2024-06-17,0.0051940132284976955,0.00519202617645285,0.0059787890416354034,0.0051950453963918175
2024-06-18,0.0026335605197280935,0.002640976070121308,0.003966909882491161,0.0026407978793653677
2024-06-19,0.0,0.0,0.0,0.0
2024-06-20,0.0069460647528818975,0.006941913344465612,0.0059106383851203195,0.006954787929950745
2024-06-21,0.0007450597107093319,0.0007206319961523072,0.00029709375996407307,0.000734138724255088
2024-06-22,0.0,0.0,0.0,0.0
2024-06-23,0.0,0.0,0.0,0.0
2024-06-24,0.004261932853386011,0.004227054576459144,0.003064042310681515,0.004253786282604977
2024-06-25,-0.005227846325280903,-0.005206296518107359,-0.0025896950435189674,-0.005226705148442345
2024-06-26,0.0007199736362821553,0.000715900760035992,-0.0001218816814371396,0.000709173695276281
2024-06-27,0.0010971405294673943,0.0010926343153378976,0.0009829559024519155,0.0010982311739552554
2024-06-28,-0.00828711069587818,-0.008276608949734926,-0.01220766539417772,-0.008295989048670948
2024-06-29,0.0,0.0,0.0,0.0
2024-06-30,0.0,0.0,0.0,0.0
2024-07-01,0.0024100620418899764,0.002416287519243252,0.005465940754875994,0.0024017750984758482
2024-07-02,0.002263171448192124,0.0022561920422543165,0.0014251424379479356,0.0022618232109379187
2024-07-03,0.001000184514198046,0.001006898999289447,0.0023264101926265307,0.0010046641862857604
2024-07-04,0.0,0.0,0.0,0.0
2024-07-05,0.001644994646515146,0.0016391885932566816,0.0013095645433699365,0.0016342275759300214
2024-07-06,0.0,0.0,0.0,0.0
2024-07-07,0.0,0.0,0.0,0.0
2024-07-08,-0.0012137186137577288,-0.001212372394690367,-0.0016418603117725568,-0.0012116676078737603
2024-07-09,-0.001412251547431917,-0.0014144436002385497,-0.00012073745500524655,-0.001412869461178586
2024-07-10,0.010814276773823659,0.010820299795701366,0.010836013666337989,0.010819378966870685
2024-07-11,0.0006200617042782111,0.0006162657238800775,-0.0004772787199082514,0.0006341228351816828
2024-07-12,0.005648683389929937,0.005639631101422139,0.005451444217803565,0.005655306404262169
2024-07-13,0.0,0.0,0.0,0.0
2024-07-14,0.0,0.0,0.0,0.0
2024-07-15,0.0014009118793063481,0.0014115834563906949,0.0012752563528381049,0.0014105966413683745
2024-07-16,0.013999620117668869,0.013990685084194224,0.0114595572347994,0.013995707587624888
2024-07-17,0.0038204740879157935,0.003824851922008341,0.0009711046879383998,0.003830879107567105
2024-07-18,-0.009331325456235643,-0.009312880254531742,-0.009946664615139465,-0.009315399205686137
2024-07-19,-0.00907739706751609,-0.009081244052938996,-0.0073538931267283945,-0.009083693873896936
2024-07-20,0.0,0.0,0.0,0.0
2024-07-21,0.0,0.0,0.0,0.0
2024-07-22,0.002279312322310682,0.002278453472408744,0.0027754689870654447,0.0022777191035389366
2024-07-23,-0.00014768008813496433,-0.00014978944049171922,0.0001611191590510689,-0.00015849744001206922
2024-07-24,-0.012011075255989576,-0.012048197558886304,-0.013442162981084539,-0.012026930934226935
2024-07-25,0.0032379141012194505,0.003234504542571473,0.003287016424048513,0.0032340275400437675
2024-07-26,0.01844927230011969,0.018456071223364248,0.02133486954131892,0.018475070742302827
2024-07-27,0.0,0.0,0.0,0.0
2024-07-28,0.0,0.0,0.0,0.0
2024-07-29,0.00023774215214488064,0.0002344999087790953,0.0005920603086580913,0.00024439680044475347
2024-07-30,2.0202471333655977e-05,-1.959303488981257e-05,-0.0016504502835133115,7.181194479344451e-06
2024-07-31,0.005822219052483485,0.005856622249731043,0.006503108399164967,0.005837100438625265
2024-08-01,-0.011116246843078874,-0.011164662340879561,-0.011714032730240732,-0.011136201478667729
2024-08-02,-0.012707897205997111,-0.012711936287165352,-0.015255353970568724,-0.01270083836731819
2024-08-03,0.0,0.0,0.0,0.0
2024-08-04,0.0,0.0,0.0,0.0
2024-08-05,-0.02646864619332742,-0.02648261148488895,-0.027914799061362502,-0.02647424927518017
2024-08-06,0.007581738343482572,0.007589868943763498,0.008727477651230407,0.007586135331399594
2024-08-07,-0.0067405212132628615,-0.006766355227170505,-0.007765925705692623,-0.0067615638487374735
2024-08-08,0.017724195655957495,0.017738410959323762,0.019106180515869313,0.017732046381522044
2024-08-09,0.002102798722101379,0.002102354574247346,0.0033671640353959203,0.0021004469743608517
2024-08-10,0.0,0.0,0.0,0.0
2024-08-11,0.0,0.0,0.0,0.0
2024-08-12,-0.002936259423171603,-0.00290769326783052,-0.0020160903265072343,-0.002924616546080927
2024-08-13,0.011540144264890929,0.011544080331450208,0.014138385962650253,0.0115421288311174
2024-08-14,0.005596541725930086,0.005599707577577749,0.005710813634059599,0.00560129762942105
2024-08-15,0.0181407378508274,0.018151125181317347,0.018474658678120676,0.0181495969777612
2024-08-16,0.004655098455909594,0.0046481754539861786,0.00516675782906569,0.004651690822694069
2024-08-17,0.0,0.0,0.0,0.0
2024-08-18,0.0,0.0,0.0,0.0
2024-08-19,0.007106325482757372,0.007123058418585788,0.008160128724226919,0.007120656036983338
2024-08-20,-0.0014659446302934874,-0.0014577905041376284,-0.0019212937197292048,-0.0014621780635067103
2024-08-21,0.0032995004647761402,0.0032996585159042234,0.002812027552238105,0.003298409680543098
2024-08-22,-0.004620294923711801,-0.004616528597907636,-0.005430391140110999,-0.00461446058674672
2024-08-23,0.010645970039207565,0.01064719553162789,0.011475510321606054,0.010648241349922982
2024-08-24,0.0,0.0,0.0,0.0
2024-08-25,0.0,0.0,0.0,0.0
2024-08-26,0.002335914151621205,0.002327690989128263,0.0018666062842680649,0.0023393775789275445
2024-08-27,0.000808185359280694,0.0008135378792516975,0.0009862527567849485,0.0008078754410796196
2024-08-28,-0.004678111838597664,-0.004674957650384454,-0.005299368895211899,-0.004679490461109773
2024-08-29,0.00326510630595785,0.0032455905702838284,0.001893700375164807,0.0032603221374855754
2024-08-30,0.007708930846493444,0.007706391144632981,0.007350074927937069,0.007704572209998154
2024-08-31,0.0,0.0,0.0,0.0
2024-09-01,0.0,0.0,0.0,0.0
2024-09-02,0.0,0.0,0.0,0.0
2024-09-03,-0.01533491781748061,-0.015349183780050922,-0.017976103436845876,-0.015333024897869214
2024-09-04,-0.0015935194429909354,-0.0016025786031709916,-0.0032957773620180147,-0.001602040033801348
2024-09-05,-0.004025802342202757,-0.004031030356630657,-0.003251237896921977,-0.004026101654053234
2024-09-06,-0.01089894584394217,-0.010894228658171537,-0.01217571524604748,-0.010895925413270042
2024-09-07,0.0,0.0,0.0,0.0
2024-09-08,0.0,0.0,0.0,0.0
2024-09-09,0.012427458559320438,0.01242176546812331,0.011468062644255496,0.012415899379351718
2024-09-10,0.0003909632130211741,0.0003838627264845393,-0.0007917096867382238,0.0003944378464541099
2024-09-11,0.005501525377034353,0.005514745020016519,0.00855023260845424,0.005513699555556081
2024-09-12,0.006582811892819909,0.006579342891816806,0.006546004316468732,0.006584838081728472
2024-09-13,0.0060416347484399365,0.00604816684578024,0.006013487131328051,0.006053767553408137
2024-09-14,0.0,0.0,0.0,0.0
2024-09-15,0.0,0.0,0.0,0.0
2024-09-16,0.006647484178351292,0.0066446744817664025,0.007186871337747318,0.006651930621635401
2024-09-17,-0.001304044477174184,-0.0013100475389877563,-0.0010019436985762575,-0.0013070750059134347
2024-09-18,-0.0027662151056262294,-0.002771385354818035,-0.002649711605940847,-0.0027632294693946493
2024-09-19,0.009438297604799173,0.009465212935908213,0.012772179189866574,0.009456459808994181
2024-09-20,0.004132613183828359,0.004126792871396947,0.004333877805371452,0.0041373930715185026
2024-09-21,0.0,0.0,0.0,0.0
2024-09-22,0.0,0.0,0.0,0.0
2024-09-23,0.00211953203294609,0.002123007110063752,-4.475149917650454e-05,0.0021176653425571067
2024-09-24,0.003034160871381018,0.0030350437594671223,0.004133653884675229,0.003046259611102131
2024-09-25,-0.004505700106794498,-0.004496662034193085,-0.0036208883677526457,-0.004505287808036647
2024-09-26,0.004801169482461753,0.004794805275475817,0.00531279172793047,0.004805357906476311
2024-09-27,0.0019457903208855232,0.0019501675845024706,0.0017793996596746598,0.001948326369268923
2024-09-28,0.0,0.0,0.0,0.0
2024-09-29,0.0,0.0,0.0,0.0
2024-09-30,-4.8448891436871295e-05,-3.7663469034631184e-05,1.1071965582100688e-05,-4.263034014562558e-05
2024-10-01,-0.0037485500020652584,-0.0037606401824422002,-0.006620411992560819,-0.003745738689045027
2024-10-02,-0.002352498134701358,-0.002343608586330088,-0.0028164934567126584,-0.002346822680990531
2024-10-03,-0.004327630931392075,-0.004311386196458786,-0.00454147715968091,-0.004321518501205046
2024-10-04,0.007778579758025463,0.0077871719939400655,0.008739128543412815,0.0077811746219271566
2024-10-05,0.0,0.0,0.0,0.0
2024-10-06,0.0,0.0,0.0,0.0
2024-10-07,-0.009290032261889423,-0.009277355715436463,-0.009042735325848707,-0.009281101045814661
2024-10-08,0.004892579046305885,0.004900749353600403,0.006035574815372658,0.004889283143015765
2024-10-09,0.009212288223143423,0.009217835431655016,0.00967481850479818,0.009224141522206209
2024-10-10,-0.0021091881521184057,-0.0021011093863901697,-0.0022236596868664533,-0.002105527296608967
2024-10-11,0.009135028836106352,0.009129340656658236,0.009356103783890176,0.009132193441135535
2024-10-12,0.0,0.0,0.0,0.0
2024-10-13,0.0,0.0,0.0,0.0
2024-10-14,0.004960277882933845,0.004967103039360861,0.005273606557701788,0.004961814944311497
2024-10-15,-0.002219155123700663,-0.0022402521534294027,-0.0013845403624641373,-0.002236698239283519
2024-10-16,0.008325745799726832,0.008341964179044108,0.008717045313283742,0.008335251024449519
2024-10-17,0.0035764943234276704,0.0035888997997549576,0.002173379318656783,0.0035777932761907848
2024-10-18,0.0013113004183769503,0.001312248609531779,0.0007646023810767272,0.0013065799487382399
2024-10-19,0.0,0.0,0.0,0.0
2024-10-20,0.0,0.0,0.0,0.0
2024-10-21,-0.005914499276030795,-0.00590931263822533,-0.006321756074353366,-0.00591985179001917
2024-10-22,-0.003115502254973738,-0.0031182726050543717,-0.0041901944656013755,-0.0031285615390830857
2024-10-23,-0.008208257891667275,-0.008177637647865492,-0.007512456076206284,-0.008201632409398488
2024-10-24,-0.005649834526199103,-0.005644493592702967,-0.004010169160584134,-0.005655754613797041
2024-10-25,-0.006076041783691249,-0.006053951135031137,-0.005157780635886911,-0.006070026944735208
2024-10-26,0.0,0.0,0.0,0.0
2024-10-27,0.0,0.0,0.0,0.0
2024-10-28,0.004981597266650241,0.004987772046384831,0.005685229399094861,0.004996059769319465
2024-10-29,-0.003861432368013398,-0.0038620905349015505,-0.0021984455303904644,-0.0038630065098990436
2024-10-30,-0.002676424934321902,-0.0026791571794499975,-0.002455514402635587,-0.002697894784613882
2024-10-31,-0.008035068783461117,-0.008038661262873639,-0.00946838642259838,-0.008000512960656805
2024-11-01,0.006787616657675209,0.006771428019026726,0.004995404892692785,0.006765572789608154
2024-11-02,0.0,0.0,0.0,0.0
2024-11-03,0.0,0.0,0.0,0.0
2024-11-04,-0.00254061555407028,-0.0025364309681626214,-0.0016061196460239071,-0.0025304453311798536
2024-11-05,0.00832811627153565,0.008343217237311733,0.00915906986126769,0.008336560361500617
2024-11-06,0.02392598940318804,0.023994190978182017,0.027068513037183533,0.02395466941965106
2024-11-07,0.0014490941645196227,0.001433457136115232,1.933756919316784e-05,0.0014399217065660312
2024-11-08,0.005189200628941217,0.005183273323650852,0.004979221230897747,0.005192486647106024
2024-11-09,0.0,0.0,0.0,0.0
2024-11-10,0.0,0.0,0.0,0.0
2024-11-11,0.003246413192995467,0.003247005473395265,0.004272020353101328,0.003263480753106344
2024-11-12,-0.005810937365707091,-0.005795920080347432,-0.006640980959058933,-0.00580760789645833
2024-11-13,0.0022426665716085256,0.002241862842124187,0.003242004857725935,0.0022509715308926983
2024-11-14,-0.002723179085312903,-0.002712647371249586,-0.0016224312498868488,-0.0027092672938790474
2024-11-15,-0.0045681430195584774,-0.004567969464244459,-0.005008972092354708,-0.004558979935779228
2024-11-16,0.0,0.0,0.0,0.0
2024-11-17,0.0,0.0,0.0,0.0
2024-11-18,0.00023058322593875533,0.00022109357096731125,-0.0017248689420243843,0.000222111797211255
2024-11-19,-0.00019759360520845825,-0.00019749704389367476,-0.00015831349185752746,-0.00021011128238832173
2024-11-20,0.002823564815296749,0.0028192203700292836,0.003052339799368829,0.002827372345147287
2024-11-21,0.009566007156633046,0.009587399382615465,0.011127808419407094,0.00959120248288298
2024-11-22,0.010113343214000668,0.010105763177748089,0.010295704176318267,0.010120129949558887
2024-11-23,0.0,0.0,0.0,0.0
2024-11-24,0.0,0.0,0.0,0.0
2024-11-25,0.008493556715434917,0.008484118924218968,0.007666600747850864,0.008494933971839121
2024-11-26,0.003654689806309217,0.0036536353658728404,0.002406160213934978,0.003649295557454757
2024-11-27,-0.0011052401972400437,-0.001096714737334806,-0.0016073851735144034,-0.001102097149655416
2024-11-28,0.0,0.0,0.0,0.0
2024-11-29,0.004020739697802029,0.0040204187737259535,0.0037871183238958024,0.00402082984124614
2024-11-30,0.0,0.0,0.0,0.0
2024-12-01,0.0,0.0,0.0,0.0
2024-12-02,-0.0018036528437659096,-0.0018011901511289286,-0.0019235759444915222,-0.0018058281228247781
2024-12-03,-0.0016359616418125202,-0.0016305959434295884,-0.0003920412656464129,-0.0016278486098801263
2024-12-04,0.004479032666542152,0.0044871515349079365,0.005591279473915657,0.004492229051118531
2024-12-05,-0.0007230225558015773,-0.0007260512126509823,-0.0005593007150150528,-0.0007260893470082999
2024-12-06,-0.002088520974233111,-0.002097388076528836,-0.0013244867821157666,-0.0020901352104581807
2024-12-07,0.0,0.0,0.0,0.0
2024-12-08,0.0,0.0,0.0,0.0
2024-12-09,-0.006356445963250497,-0.006354074960319514,-0.007479223833484343,-0.006368516659620005
2024-12-10,-0.002167062604866646,-0.002188006326120619,-0.004447304119204162,-0.002183653063606546
2024-12-11,-0.00044181072416845236,-0.0004500304971994855,0.0018861726530369127,-0.000444949224755231
2024-12-12,-0.002593057276469454,-0.0026166460130954894,-0.0018269570118006786,-0.0026076072541401244
2024-12-13,-0.0021633540857670507,-0.0021608058699973216,-0.0036888368823489517,-0.0021622215523651217
2024-12-14,0.0,0.0,0.0,0.0
2024-12-15,0.0,0.0,0.0,0.0
2024-12-16,-0.0028240697925150603,-0.0028276994568089205,-0.0032572876895726986,-0.002829492121734393
2024-12-17,-0.003075204723294616,-0.0030737150917090846,-0.002762148764224881,-0.0030842021308740957
2024-12-18,-0.02309248822285073,-0.023083557299056624,-0.024502089980658785,-0.023098350283600574
2024-12-19,0.0018466474543191171,0.0018457853416681152,0.0030035119584608666,0.0018398594072810228
2024-12-20,0.009015881712574078,0.009028362852145993,0.00970478604019679,0.009028335134149771
2024-12-21,0.0,0.0,0.0,0.0
2024-12-22,0.0,0.0,0.0,0.0
2024-12-23,0.0013165151688617454,0.001321188696828272,0.0025262421829221286,0.0013166089331353103
2024-12-24,0.008602710547339415,0.008602448571807766,0.008337711356152197,0.008600101299712193
2024-12-25,0.0,0.0,0.0,0.0
2024-12-26,0.0010723190429690935,0.001081395022800627,0.0005452880809528964,0.001077579118039192
2024-12-27,-0.007203980518219313,-0.007210148981110503,-0.007758364844478149,-0.007207195226439585
2024-12-28,0.0,0.0,0.0,0.0
2024-12-29,0.0,0.0,0.0,0.0
2024-12-30,-0.010200515673492021,-0.010198399883030496,-0.01009908525712601,-0.01019755005595702
2024-12-31,0.0006959907670753119,0.0006903560596734062,0.0006697888880449316,0.0006943760369254666
2025-01-01,0.0,0.0,0.0,0.0
2025-01-02,-0.0033703673457771127,-0.0033604397341890175,-0.003862801698743334,-0.0033616753418755697
2025-01-03,0.006706455642493615,0.006722543990426287,0.0072645116082123515,0.00671689910051438
2025-01-04,0.0,0.0,0.0,0.0
2025-01-05,0.0,0.0,0.0,0.0
2025-01-06,-0.0016504553745029715,-0.001638498911961426,-0.0009095888203115163,-0.0016538495963684028
2025-01-07,-0.002851024640679472,-0.00285921121985091,-0.004469263508221784,-0.002853019405028301
2025-01-08,0.0011122296095533398,0.0011102782916927092,0.0006719489633781968,0.0011182789845130066
2025-01-09,0.0,0.0,0.0,0.0
2025-01-10,-0.013564132867723623,-0.013566730737343232,-0.014992578396161717,-0.013565402550618921
2025-01-11,0.0,0.0,0.0,0.0
2025-01-12,0.0,0.0,0.0,0.0
2025-01-13,0.006626463631297283,0.006651230191415443,0.006378365921025393,0.006632216755235317
2025-01-14,0.003067075342366776,0.0030642328360158152,0.0026209714452126495,0.0030754303268568056
2025-01-15,0.01196932375234257,0.011962536353003286,0.013314452269148696,0.011958556084305386
2025-01-16,0.00034585285459758737,0.00032856741890301627,-0.0007608163006890873,0.0003319708669406565
2025-01-17,0.006908260919809404,0.00690464739641972,0.007202156049320908,0.006903316686474785
2025-01-18,0.0,0.0,0.0,0.0
2025-01-19,0.0,0.0,0.0,0.0
2025-01-20,0.0,0.0,0.0,0.0
2025-01-21,0.010866117981421959,0.010874601410766334,0.010628220385755416,0.010874927441072347
2025-01-22,0.003602955723625377,0.0036267402555383754,0.00529810402085554,0.0036109746153632862
2025-01-23,0.008003955240614615,0.008013647830617645,0.008204312517885047,0.008013925056673036
2025-01-24,-0.00303519932821163,-0.003044198631882712,-0.003940616022051659,-0.00304013436055159
2025-01-25,0.0,0.0,0.0,0.0
2025-01-26,0.0,0.0,0.0,0.0
2025-01-27,0.006888288356267278,0.006814242668747762,0.0030207206397151144,0.006864207063483572
2025-01-28,0.002054666253902404,0.002117162737596649,0.005449916184925777,0.0020786659252244174
2025-01-29,-0.0013296168020555657,-0.001347927887996706,-0.001308502227696827,-0.0013338332275578233
2025-01-30,0.00732904302015251,0.007288576159737349,0.0046040044150775315,0.007318076766260954
2025-01-31,-0.008373230011936064,-0.008380817191510138,-0.007652685045305887,-0.008378884765066293
2025-02-01,0.0,0.0,0.0,0.0
2025-02-02,0.0,0.0,0.0,0.0
2025-02-03,-0.0012260303612948154,-0.0012303541913255397,-0.0024788134374815586,-0.0012298946939528856
2025-02-04,0.0017056388739298902,0.001684022817005792,0.00014448675281974576,0.0017006071879604198
2025-02-05,0.006580015714851465,0.006602912222352525,0.008350465063039403,0.006588774298218459
2025-02-06,-0.0034473767386393843,-0.0034292374341143086,-0.003475218485427372,-0.0034555677964556606
2025-02-07,-0.009998523655375529,-0.009989451674469772,-0.010470066858759411,-0.009997380790321217
2025-02-08,0.0,0.0,0.0,0.0
2025-02-09,0.0,0.0,0.0,0.0
2025-02-10,0.00532528085054557,0.005326926296735417,0.0035181893735237134,0.005328913083950164
2025-02-11,0.004652480316813661,0.004641040561524399,0.0038586819123878585,0.004640846594299948
2025-02-12,-0.0026909734970674555,-0.0027005993333339647,-0.0019570145783682743,-0.002702036212756135
2025-02-13,0.008447496224383524,0.008449461501006728,0.008817272622088396,0.008450759617306132
2025-02-14,-0.0032234269728687844,-0.003214405345546173,-0.0007689255688575277,-0.0032142803678599343
2025-02-15,0.0,0.0,0.0,0.0
2025-02-16,0.0,0.0,0.0,0.0
2025-02-17,0.0,0.0,0.0,0.0
2025-02-18,0.0031407895807783106,0.003133888133166558,0.005024052734359774,0.003139225199706741
2025-02-19,0.004110985329305988,0.004113424018896271,0.003552551364371147,0.0041000896349077665
2025-02-20,-0.006643666531604992,-0.006662937112025678,-0.005839629148239885,-0.006648362764642368
2025-02-21,-0.011830557144926281,-0.011850972457515579,-0.011557078264402252,-0.011851394527494126
2025-02-22,0.0,0.0,0.0,0.0
2025-02-23,0.0,0.0,0.0,0.0
2025-02-24,0.0026088727251517316,0.002592086101011862,0.0035643116923752406,0.002609095549680818
2025-02-25,0.005010620913011063,0.005011393243521173,0.00273454293135781,0.00501554765318111
2025-02-26,-0.005032060805702239,-0.005022209822360558,-0.0029128622397178124,-0.005021079511141139
2025-02-27,-0.0039879160907303,-0.003986812940688814,-0.007810590366629309,-0.003988279527872655
2025-02-28,0.013203208910132222,0.013217703454387752,0.014398477293226283,0.013213061119147773
2025-03-01,0.0,0.0,0.0,0.0
2025-03-02,0.0,0.0,0.0,0.0
2025-03-03,-0.012117049029951395,-0.012153989518181625,-0.013018050311297588,-0.01212820623801764
2025-03-04,-0.016302964577037105,-0.01625854545648166,-0.016528523541997034,-0.01628724272466783
2025-03-05,0.009433027293128822,0.009432253041607561,0.009900305101275595,0.009434488203763868
2025-03-06,-0.008472525223655061,-0.008470727931213045,-0.010442358844607992,-0.008466469372996806
2025-03-07,0.006435362821010865,0.006411284905685173,0.00598796562678443,0.0064374305737273756
2025-03-08,0.0,0.0,0.0,0.0
2025-03-09,0.0,0.0,0.0,0.0
2025-03-10,-0.01813428029119205,-0.01815811200050385,-0.021199965123135902,-0.018142308241336853
2025-03-11,-0.013341877054472729,-0.013329556879530307,-0.01511535918998783,-0.013364763948263603
2025-03-12,-0.0019990293894519015,-0.0019796285036577845,-0.0014408724653169917,-0.001998113451394501
2025-03-13,-0.009742226043317353,-0.00974591324625054,-0.010691407479093891,-0.009762782919433709
2025-03-14,0.014710920069035568,0.014740784937177363,0.015118942462031828,0.014727407513263601
2025-03-15,0.0,0.0,0.0,0.0
2025-03-16,0.0,0.0,0.0,0.0
2025-03-17,0.008155905300240587,0.008160304753091405,0.0071839880269620035,0.008164535881108284
2025-03-18,-0.006625382545668723,-0.006623331403154485,-0.00624299588467056,-0.006630507189349277
2025-03-19,0.009309572639567346,0.009305949964081107,0.008111296935591036,0.009303500096382318
2025-03-20,-0.0019122912633760599,-0.0019088445512047084,-0.0019233710670217583,-0.0019164478954571923
2025-03-21,-0.0011725477669187676,-0.0011705435833784237,-0.00147457984936054,-0.0011844200141305679
2025-03-22,0.0,0.0,0.0,0.0
2025-03-23,0.0,0.0,0.0,0.0
2025-03-24,0.01196473217743855,0.011970966578480208,0.011640112217055937,0.011966524538918189
2025-03-25,-0.0019424982782685837,-0.001956513161083695,-0.0019535606469294918,-0.0019487915106970381
2025-03-26,-0.0021278787480428236,-0.0021269222470136737,-0.00498900036019478,-0.0021208155822760254
2025-03-27,-0.002132775622143126,-0.002137516963375666,-0.0032080255505047817,-0.0021494031015162674
2025-03-28,-0.015433017276326967,-0.01542013639905886,-0.016162991259057128,-0.015431559175753043
2025-03-29,0.0,0.0,0.0,0.0
2025-03-30,0.0,0.0,0.0,0.0
2025-03-31,0.009523186815626705,0.009539344460313244,0.008667747613047871,0.009538840149673659
2025-04-01,-0.0008441143028889162,-0.0008621181146825082,6.662314330616804e-05,-0.0008307069412126819
2025-04-02,0.003538155078924939,0.0035354588680685,0.0034412512151149807,0.0035354579455275795
2025-04-03,-0.04192103898733224,-0.04191167473796179,-0.048802654022896776,-0.04196505613529195
2025-04-04,-0.05512545165300136,-0.05512989330050877,-0.0535666517011586,-0.055117605247866124
2025-04-05,0.0,0.0,0.0,0.0
2025-04-06,0.0,0.0,0.0,0.0
2025-04-07,-0.007373475537649994,-0.00734869870223044,-0.00753110656453073,-0.007377174245725322
2025-04-08,-0.01306766362400781,-0.013052688434281664,-0.01565019883636925,-0.013080274114640985
