time/total_timesteps,train/reward,train/explained_variance,train/learning_rate,train/value_loss,train/entropy_loss,time/iterations,train/n_updates,time/fps,train/policy_loss,time/time_elapsed,train/std
1000,2198.8748,0.0,1e-05,425365.25,-55.33953857421875,100,99,72,-25339.21484375,13,1.0000264644622803
2000,-1559.6046,0.0,1e-05,3423586.5,-55.340511322021484,200,199,69,-57804.9140625,28,1.0000498294830322
3000,-131.51588,0.0,1e-05,19666590.0,-55.34099197387695,300,299,70,-220360.90625,42,1.0000611543655396
4000,-1980.8807,0.0,1e-05,4079510.75,-55.34060287475586,400,399,68,-993.21875,58,1.0000536441802979
5000,-745.5184,0.0,1e-05,15797602.0,-55.34003829956055,500,499,69,-199082.171875,71,1.0000380277633667
6000,-150.51387,5.960464477539063e-08,1e-05,9680824.0,-55.338783264160156,600,599,66,-144284.5625,90,1.0000048875808716
7000,3884.1318,0.0,1e-05,1732300.0,-55.338680267333984,700,699,65,-13972.8046875,106,1.0000033378601074
8000,-379.1,5.960464477539063e-08,1e-05,8314729.0,-55.338165283203125,800,799,66,-114282.6484375,120,0.9999918937683105
9000,-558.0899,0.0,1e-05,8895144.0,-55.3394889831543,900,899,66,-140720.0625,135,1.000022530555725
10000,608.975,-1.1920928955078125e-07,1e-05,2269968.0,-55.3407096862793,1000,999,66,-43968.46484375,150,1.0000563859939575
11000,-920.29803,5.900859832763672e-06,1e-05,3626326.0,-55.34120559692383,1100,1099,66,77267.609375,166,1.0000656843185425
12000,-1497.0461,1.7881393432617188e-07,1e-05,16151779.0,-55.3415641784668,1200,1199,65,-205619.0,181,1.0000771284103394
13000,-1088.1617,1.1920928955078125e-07,1e-05,17018990.0,-55.34243392944336,1300,1299,65,-190895.296875,197,1.000098466873169
14000,1633.2197,0.0,1e-05,35326664.0,-55.34245681762695,1400,1399,66,-311228.65625,210,1.000098466873169
15000,-335.04514,0.0,1e-05,9698512.0,-55.34272384643555,1500,1499,66,-163439.1875,227,1.000104546546936
16000,-2242.8357,1.1920928955078125e-07,1e-05,12985243.0,-55.3419303894043,1600,1599,65,-182976.84375,245,1.0000848770141602
17000,-1745.5061,5.960464477539063e-08,1e-05,662357.6875,-55.3424186706543,1700,1699,65,24226.052734375,260,1.0000970363616943
18000,-1270.7107,0.0,1e-05,2499403.75,-55.34334945678711,1800,1799,64,5505.26416015625,278,1.0001202821731567
19000,605.14795,0.0,1e-05,4110848.0,-55.3432731628418,1900,1899,64,-107611.078125,294,1.0001194477081299
20000,-834.9936,0.0,1e-05,8871962.0,-55.34220504760742,2000,1999,64,-112067.0546875,311,1.0000920295715332
21000,408.1495,0.0,1e-05,5081521.5,-55.341773986816406,2100,2099,64,-93982.484375,327,1.0000817775726318
22000,-1975.2632,-2.0265579223632812e-06,1e-05,50293192.0,-55.3426513671875,2200,2199,64,-350993.75,339,1.0001046657562256
23000,-216.65065,0.0,1e-05,6520282.5,-55.343318939208984,2300,2299,64,122401.3515625,354,1.000119924545288
24000,186.31747,0.0,1e-05,45947208.0,-55.34450149536133,2400,2399,64,-306274.84375,371,1.000153660774231
25000,2335.9016,0.0,1e-05,10744631.0,-55.345252990722656,2500,2499,64,-176057.109375,389,1.0001705884933472
26000,-3443.1099,5.960464477539063e-08,1e-05,13431834.0,-55.34502029418945,2600,2599,64,175714.03125,404,1.0001637935638428
27000,1339.5522,0.0,1e-05,25662406.0,-55.343727111816406,2700,2699,64,211334.53125,420,1.000128984451294
28000,-544.74713,0.0,1e-05,2961982.75,-55.3431396484375,2800,2799,64,68779.2109375,436,1.0001190900802612
29000,-1087.4431,1.7881393432617188e-07,1e-05,3078428.75,-55.343597412109375,2900,2899,64,-86360.5,451,1.0001267194747925
30000,-1044.1456,0.0,1e-05,27366320.0,-55.34369659423828,3000,2999,63,-242973.375,468,1.0001314878463745
31000,-416.9169,-3.2186508178710938e-06,1e-05,54093696.0,-55.344146728515625,3100,3099,63,-381678.78125,487,1.0001393556594849
32000,1042.8379,0.0,1e-05,37102508.0,-55.344539642333984,3200,3199,63,-314474.84375,503,1.0001519918441772
33000,96.90881,-1.1920928955078125e-07,1e-05,1179091.25,-55.34504318237305,3300,3299,63,-36176.66796875,522,1.0001639127731323
34000,-656.4052,1.1920928955078125e-07,1e-05,10993443.0,-55.344886779785156,3400,3399,63,-142235.578125,538,1.0001616477966309
35000,-3.8707285,0.0,1e-05,7339261.0,-55.34516525268555,3500,3499,62,-120734.0390625,555,1.0001648664474487
36000,-185.9651,1.7881393432617188e-07,1e-05,11313754.0,-55.344356536865234,3600,3599,63,-165109.578125,568,1.0001506805419922
37000,-786.5967,0.0,1e-05,8900875.0,-55.34479904174805,3700,3699,63,-154207.0,584,1.0001606941223145
38000,-2510.5603,-1.1920928955078125e-07,1e-05,27802534.0,-55.34587478637695,3800,3799,63,260406.15625,598,1.000185251235962
39000,-2237.9402,-1.1920928955078125e-07,1e-05,1018213.1875,-55.3444938659668,3900,3899,63,-21782.4453125,615,1.0001521110534668
40000,-2419.3926,0.0,1e-05,5404172.0,-55.344764709472656,4000,3999,63,-109765.2265625,628,1.0001559257507324
41000,886.8535,0.0,1e-05,14318767.0,-55.34482955932617,4100,4099,63,174161.1875,646,1.0001617670059204
42000,-536.64844,0.0,1e-05,21856294.0,-55.34418869018555,4200,4199,63,-223259.25,661,1.000137209892273
43000,-2106.2412,-1.1920928955078125e-07,1e-05,27549556.0,-55.34453201293945,4300,4299,63,-249517.546875,681,1.0001527070999146
44000,-631.29755,-1.1920928955078125e-07,1e-05,35995536.0,-55.344947814941406,4400,4399,63,-258417.359375,694,1.0001622438430786
45000,2732.391,0.0,1e-05,20496588.0,-55.343666076660156,4500,4499,62,-219932.046875,714,1.0001332759857178
46000,606.5551,0.0,1e-05,6971869.0,-55.3438606262207,4600,4599,63,-132258.40625,728,1.0001353025436401
47000,-828.20526,-1.1920928955078125e-07,1e-05,40415420.0,-55.3441276550293,4700,4699,62,-224115.28125,748,1.0001415014266968
48000,-50.602997,5.960464477539063e-08,1e-05,50192204.0,-55.34403610229492,4800,4799,62,-300315.25,762,1.0001381635665894
49000,-877.85034,-2.384185791015625e-07,1e-05,16173309.0,-55.34453201293945,4900,4899,62,-200590.546875,780,1.0001535415649414
50000,-476.08167,-1.1920928955078125e-07,1e-05,125698072.0,-55.345069885253906,5000,4999,62,475731.5,795,1.0001654624938965
51000,630.6595,0.0,1e-05,2146419.75,-55.345027923583984,5100,5099,62,24682.73046875,811,1.00016450881958
52000,-1030.8849,-1.1920928955078125e-07,1e-05,124128512.0,-55.34492874145508,5200,5199,63,-462941.8125,824,1.0001633167266846
53000,136.68523,0.0,1e-05,10553133.0,-55.34576416015625,5300,5299,62,52910.55078125,846,1.000184416770935
54000,-2531.6592,0.0,1e-05,2263576.75,-55.3450927734375,5400,5399,62,-1034.65234375,862,1.0001696348190308
55000,1278.2018,0.0,1e-05,1502383.125,-55.34660720825195,5500,5499,62,-18983.771484375,883,1.000209093093872
56000,273.15982,-1.3828277587890625e-05,1e-05,132179864.0,-55.347084045410156,5600,5599,62,-506426.65625,897,1.0002144575119019
57000,2091.7605,0.0,1e-05,1002679.5,-55.3470344543457,5700,5699,62,37978.30859375,919,1.0002140998840332
58000,-7441.016,0.0,1e-05,2527775488.0,-55.3475227355957,5800,5799,62,2555942.75,933,1.0002310276031494
59000,-1179.5562,0.0,1e-05,5575844.5,-55.3466911315918,5900,5899,62,-3794.835205078125,949,1.0002086162567139
60000,-2193.2373,3.11732292175293e-05,1e-05,156229120.0,-55.346832275390625,6000,5999,62,-604677.0625,962,1.0002104043960571
61000,6709.5396,-1.1920928955078125e-07,1e-05,65676852.0,-55.346595764160156,6100,6099,62,-366764.78125,979,1.0002046823501587
62000,-1650.9551,-1.1920928955078125e-07,1e-05,10692264.0,-55.34746170043945,6200,6199,62,144087.109375,993,1.0002275705337524
63000,-1302.6418,0.0,1e-05,20239826.0,-55.347572326660156,6300,6299,62,-195521.828125,1013,1.0002285242080688
64000,-803.44745,0.0,1e-05,808180.875,-55.34845733642578,6400,6399,62,-25333.482421875,1027,1.0002548694610596
65000,-3975.2456,0.0,1e-05,474755072.0,-55.3487663269043,6500,6499,62,-907082.1875,1043,1.0002617835998535
66000,-1569.2318,-1.1920928955078125e-07,1e-05,3271628.75,-55.3484992980957,6600,6599,62,-60003.875,1056,1.0002535581588745
67000,-712.02606,0.0001519322395324707,1e-05,52017216.0,-55.34804916381836,6700,6699,62,-290220.21875,1077,1.0002416372299194
68000,502.6638,0.0,1e-05,306863328.0,-55.348426818847656,6800,6799,62,-817413.75,1091,1.000252366065979
69000,-2002.5337,0.0001137852668762207,1e-05,6825886.5,-55.3490104675293,6900,6899,62,23263.134765625,1107,1.0002689361572266
70000,-978.5509,0.0,1e-05,4368347.0,-55.348426818847656,7000,6999,62,-20264.353515625,1121,1.000251054763794
71000,-643.0517,0.0,1e-05,3273030.0,-55.348487854003906,7100,7099,62,-46397.26953125,1142,1.0002559423446655
72000,-1860.8215,0.0,1e-05,7437936.0,-55.349403381347656,7200,7199,62,-105559.6484375,1156,1.0002782344818115
73000,44.563175,0.0,1e-05,2623427.75,-55.34904861450195,7300,7299,62,-23254.6875,1175,1.0002678632736206
74000,2598.3586,0.0,1e-05,3271408.25,-55.349788665771484,7400,7399,62,83110.0546875,1189,1.0002903938293457
75000,-1758.6664,1.1920928955078125e-07,1e-05,14670602.0,-55.34991455078125,7500,7499,62,-165870.0,1206,1.000293493270874
76000,91.931755,-1.1920928955078125e-07,1e-05,18203046.0,-55.349822998046875,7600,7599,62,-187695.796875,1220,1.0002877712249756
77000,-439.48502,-1.1920928955078125e-07,1e-05,2757654.0,-55.35014724731445,7700,7699,62,-33310.49609375,1239,1.0002976655960083
78000,112.624054,0.0,1e-05,13053819.0,-55.35029220581055,7800,7799,62,-147064.3125,1256,1.0002995729446411
79000,1325.6617,0.0,1e-05,17685438.0,-55.3507194519043,7900,7899,62,207077.671875,1273,1.0003114938735962
80000,1428.5167,-1.1920928955078125e-07,1e-05,127691136.0,-55.35184860229492,8000,7999,62,-139157.75,1288,1.0003408193588257
81000,459.56943,1.1920928955078125e-07,1e-05,659953.8125,-55.3513069152832,8100,8099,62,-23662.712890625,1304,1.0003207921981812
82000,-2747.0366,0.0,1e-05,6240518.0,-55.35165023803711,8200,8199,62,-90422.2734375,1320,1.0003325939178467
83000,-1932.239,0.0,1e-05,25752322.0,-55.35224533081055,8300,8299,62,-200254.296875,1337,1.0003491640090942
84000,495.43704,0.0,1e-05,47132780.0,-55.3519172668457,8400,8399,62,-357721.21875,1353,1.0003420114517212
85000,-1951.0638,0.0,1e-05,1692402.875,-55.352943420410156,8500,8499,61,-57002.08984375,1372,1.0003700256347656
86000,-114.18031,-1.1920928955078125e-07,1e-05,23329054.0,-55.353797912597656,8600,8599,61,-247952.953125,1388,1.000388741493225
87000,-1590.0188,1.1920928955078125e-07,1e-05,4221904.0,-55.353912353515625,8700,8699,61,107330.078125,1404,1.0003942251205444
88000,189.91867,0.0,1e-05,16792320.0,-55.3543815612793,8800,8799,61,-188637.796875,1420,1.0004056692123413
89000,-601.34247,0.0,1e-05,541133.3125,-55.35512924194336,8900,8899,61,13428.3955078125,1437,1.0004223585128784
90000,-894.53296,-1.1920928955078125e-07,1e-05,18558784.0,-55.3555793762207,9000,8999,61,-199493.96875,1454,1.0004358291625977
91000,-954.91724,-2.384185791015625e-07,1e-05,3006584.75,-55.35650634765625,9100,9099,61,-86485.78125,1471,1.0004587173461914
92000,-481.0461,0.0,1e-05,1992157.625,-55.35589599609375,9200,9199,61,9991.5283203125,1488,1.0004433393478394
93000,-487.3571,5.960464477539063e-08,1e-05,20681594.0,-55.35506820678711,9300,9299,61,231811.953125,1501,1.0004231929779053
94000,977.49976,0.0,1e-05,26695044.0,-55.35480499267578,9400,9399,61,-272696.15625,1518,1.0004152059555054
95000,-1597.1147,0.0,1e-05,3520684.0,-55.35528564453125,9500,9499,61,-57723.5625,1536,1.0004284381866455
96000,171.04301,0.0,1e-05,9096216.0,-55.3549690246582,9600,9599,61,-128286.8359375,1553,1.0004198551177979
97000,-1240.647,0.0,1e-05,1512075.375,-55.3548698425293,9700,9699,61,19469.541015625,1567,1.0004169940948486
98000,1547.9105,4.4345855712890625e-05,1e-05,47586572.0,-55.355220794677734,9800,9799,61,-365987.5,1583,1.0004252195358276
99000,1835.2798,0.0,1e-05,23550162.0,-55.35537338256836,9900,9899,61,-179098.703125,1597,1.000433087348938
100000,-138.61765,1.1920928955078125e-07,1e-05,7508585.0,-55.35431671142578,10000,9999,61,-141887.484375,1613,1.000402569770813
101000,-2449.2278,-1.1920928955078125e-07,1e-05,15741776.0,-55.35386276245117,10100,10099,61,205838.140625,1629,1.000393033027649
102000,-3648.9253,0.0,1e-05,1532087.75,-55.35546875,10200,10199,61,42340.2109375,1647,1.0004323720932007
103000,867.3745,0.0,1e-05,14164663.0,-55.356807708740234,10300,10299,61,-147198.046875,1661,1.0004651546478271
104000,-968.7855,-3.0994415283203125e-06,1e-05,15184224.0,-55.35673904418945,10400,10399,61,-193361.828125,1677,1.0004643201828003
105000,-593.5933,0.0,1e-05,5555389.0,-55.355628967285156,10500,10499,61,-81311.3046875,1693,1.0004385709762573
106000,-1304.8927,0.0,1e-05,18017850.0,-55.35598373413086,10600,10599,61,-209296.796875,1710,1.00044846534729
107000,-1361.4031,0.0,1e-05,3850378.75,-55.35637283325195,10700,10699,62,-97478.2421875,1724,1.0004558563232422
108000,-1171.4082,-1.1920928955078125e-07,1e-05,5949359.5,-55.357093811035156,10800,10799,62,-86371.4296875,1741,1.0004774332046509
109000,32.86381,0.0,1e-05,28298470.0,-55.35786819458008,10900,10899,62,-244248.25,1755,1.0004992485046387
110000,-603.7429,0.0,1e-05,9891375.0,-55.35895919799805,11000,10999,62,149238.875,1773,1.0005227327346802
111000,1089.5449,-1.1920928955078125e-07,1e-05,17105334.0,-55.358795166015625,11100,11099,62,-196605.25,1788,1.000518798828125
112000,832.76154,-2.7418136596679688e-06,1e-05,32270406.0,-55.359222412109375,11200,11199,61,-251761.296875,1806,1.0005309581756592
113000,1422.1974,0.0,1e-05,12146414.0,-55.359375,11300,11299,62,-156599.671875,1820,1.0005335807800293
114000,-3563.412,0.0,1e-05,2705384.75,-55.35979080200195,11400,11399,61,-49093.68359375,1841,1.0005437135696411
115000,-1841.5148,-1.1920928955078125e-07,1e-05,14525715.0,-55.360084533691406,11500,11499,61,-156829.109375,1855,1.0005513429641724
116000,-755.942,0.0,1e-05,2610340.75,-55.360328674316406,11600,11599,61,-19818.396484375,1873,1.000559687614441
117000,-832.11273,-1.1920928955078125e-07,1e-05,14498226.0,-55.360633850097656,11700,11699,61,-175839.046875,1887,1.0005675554275513
118000,4116.6597,0.0,1e-05,5859905.5,-55.361061096191406,11800,11799,61,-119652.2109375,1906,1.0005762577056885
119000,-55.86638,1.1920928955078125e-07,1e-05,47705304.0,-55.36244583129883,11900,11899,61,336487.59375,1920,1.0006107091903687
120000,-393.7879,0.0,1e-05,19024702.0,-55.36198806762695,12000,11999,61,-218484.25,1941,1.0006020069122314
121000,4392.3154,0.0,1e-05,4825513.0,-55.361305236816406,12100,12099,61,83952.5546875,1954,1.0005834102630615
122000,-617.99774,0.0,1e-05,8676939.0,-55.36068344116211,12200,12199,61,-102576.1640625,1975,1.0005667209625244
123000,550.4336,-1.1920928955078125e-07,1e-05,144932976.0,-55.3614616394043,12300,12299,61,-535372.6875,1989,1.000588059425354
124000,-3441.1484,0.0,1e-05,8292159.5,-55.36220169067383,12400,12399,61,138704.234375,2006,1.0006052255630493
125000,-509.66663,0.0,1e-05,1446125.0,-55.36212158203125,12500,12499,61,-16934.017578125,2020,1.0006023645401
126000,-53.63447,0.0,1e-05,19586624.0,-55.3615837097168,12600,12599,61,-194693.671875,2040,1.0005886554718018
127000,-7705.464,1.7702579498291016e-05,1e-05,23595716.0,-55.362483978271484,12700,12699,61,-231571.046875,2054,1.0006146430969238
128000,-742.0624,0.0,1e-05,25500128.0,-55.36335372924805,12800,12799,61,-194728.234375,2072,1.0006383657455444
129000,-49.07008,-2.2649765014648438e-06,1e-05,24949148.0,-55.3636360168457,12900,12899,61,-120354.0234375,2086,1.0006455183029175
130000,507.84952,5.960464477539063e-08,1e-05,87143680.0,-55.36418533325195,13000,12999,61,-463395.0,2102,1.0006579160690308
131000,-1381.0746,0.0,1e-05,18625426.0,-55.365535736083984,13100,13099,61,-168196.609375,2116,1.0006954669952393
132000,-2818.9814,1.7881393432617188e-07,1e-05,34976148.0,-55.3668098449707,13200,13199,61,-272044.65625,2136,1.0007222890853882
133000,-1372.8597,1.1920928955078125e-07,1e-05,1176978.125,-55.3668327331543,13300,13299,61,3652.630859375,2149,1.0007271766662598
134000,-3518.6729,1.1920928955078125e-07,1e-05,75705328.0,-55.3681526184082,13400,13399,61,-320932.34375,2171,1.0007604360580444
135000,832.23157,0.0,1e-05,5288907.5,-55.36892318725586,13500,13499,61,-117152.5234375,2185,1.0007784366607666
136000,-4114.461,1.990795135498047e-05,1e-05,72122376.0,-55.36924362182617,13600,13599,61,-378238.09375,2203,1.000788927078247
137000,-414.91632,0.0,1e-05,2758260.5,-55.368804931640625,13700,13699,61,-40895.48046875,2217,1.000775694847107
138000,-640.5004,-1.1920928955078125e-07,1e-05,3776377.75,-55.368377685546875,13800,13799,61,-64633.42578125,2238,1.0007637739181519
139000,-3129.3628,1.1920928955078125e-07,1e-05,27400564.0,-55.3687858581543,13900,13899,61,-220360.484375,2253,1.0007766485214233
140000,-873.1555,1.1920928955078125e-07,1e-05,6402082.5,-55.36914825439453,14000,13999,61,-108132.828125,2269,1.000784158706665
141000,372.23615,0.0,1e-05,5442361.0,-55.3693733215332,14100,14099,61,-92030.4765625,2283,1.0007927417755127
142000,-157.2324,-1.1920928955078125e-07,1e-05,16781764.0,-55.369239807128906,14200,14199,61,-214015.453125,2303,1.0007851123809814
143000,170.97745,0.0,1e-05,19827724.0,-55.3684196472168,14300,14299,61,-199957.109375,2317,1.00076425075531
144000,375.32675,1.1920928955078125e-07,1e-05,21714350.0,-55.36855697631836,14400,14399,61,-207600.453125,2336,1.0007703304290771
145000,-397.70203,0.0,1e-05,10988153.0,-55.370033264160156,14500,14499,61,166907.5,2351,1.0008068084716797
146000,-574.8253,0.0,1e-05,1490512.5,-55.3697624206543,14600,14599,61,42044.16796875,2367,1.0008001327514648
147000,-378.26822,-1.1920928955078125e-07,1e-05,26379706.0,-55.37055587768555,14700,14699,61,-243408.203125,2381,1.0008182525634766
148000,-247.79753,0.0,1e-05,836257.0625,-55.370521545410156,14800,14799,61,10842.2685546875,2397,1.0008198022842407
149000,-1909.742,0.0,1e-05,38077660.0,-55.37018966674805,14900,14899,61,-253352.703125,2412,1.000811219215393
150000,-2629.6265,0.0,1e-05,290815.84375,-55.369911193847656,15000,14999,61,10823.3505859375,2428,1.000802755355835
151000,-4291.925,8.344650268554688e-07,1e-05,48693212.0,-55.370521545410156,15100,15099,61,-287545.5,2443,1.0008175373077393
152000,-4055.3113,-1.1920928955078125e-07,1e-05,1342431.375,-55.37112045288086,15200,15199,61,32740.412109375,2463,1.0008351802825928
153000,-88.98913,0.0,1e-05,5170150.5,-55.37091064453125,15300,15299,61,-85716.4609375,2477,1.0008280277252197
154000,3536.567,0.0,1e-05,160485584.0,-55.3707389831543,15400,15399,61,-638589.875,2495,1.000826120376587
155000,6263.4316,0.0,1e-05,31440916.0,-55.3706169128418,15500,15499,61,-274655.625,2512,1.0008206367492676
156000,-377.16803,-1.1920928955078125e-07,1e-05,11720300.0,-55.371028900146484,15600,15599,61,123654.4921875,2532,1.0008313655853271
157000,-561.52563,0.0,1e-05,17676916.0,-55.3720817565918,15700,15699,61,-189849.15625,2548,1.000860333442688
158000,-685.21545,-1.1920928955078125e-07,1e-05,10034576.0,-55.37263107299805,15800,15799,61,-137011.3125,2562,1.000874400138855
159000,-174.79701,0.0,1e-05,5989296.0,-55.3736686706543,15900,15899,61,123147.3671875,2578,1.0008971691131592
160000,-519.5142,-1.1920928955078125e-07,1e-05,9988356.0,-55.373504638671875,16000,15999,61,-149980.53125,2592,1.00089693069458
161000,-108.801895,0.0,1e-05,3118072.75,-55.37289047241211,16100,16099,61,-91964.5078125,2609,1.000880479812622
162000,-1456.5139,-1.1920928955078125e-07,1e-05,16283613.0,-55.373199462890625,16200,16199,61,-104105.0546875,2627,1.0008900165557861
163000,-1619.3921,0.0,1e-05,2643825.25,-55.37476348876953,16300,16299,61,-48422.18359375,2644,1.0009264945983887
164000,2238.9873,0.0,1e-05,19715350.0,-55.37411117553711,16400,16399,61,-201822.90625,2658,1.0009100437164307
165000,-787.92456,1.1920928955078125e-07,1e-05,2155149.25,-55.3734016418457,16500,16499,61,6509.95654296875,2674,1.000893473625183
166000,560.2114,-1.1920928955078125e-07,1e-05,17147508.0,-55.374114990234375,16600,16599,61,-190627.375,2688,1.000911831855774
167000,-618.4812,-1.1920928955078125e-07,1e-05,9371578.0,-55.374794006347656,16700,16699,61,-129565.3984375,2704,1.0009286403656006
168000,-973.63776,0.0,1e-05,32975076.0,-55.37640380859375,16800,16799,61,-286756.71875,2720,1.0009685754776
169000,-22.94997,-1.1920928955078125e-07,1e-05,6526682.5,-55.37690353393555,16900,16899,61,-115562.4140625,2735,1.0009808540344238
170000,-78.00132,5.960464477539063e-08,1e-05,10196323.0,-55.377723693847656,17000,16999,61,-143878.484375,2750,1.0010063648223877
171000,-1711.1967,-8.344650268554688e-07,1e-05,74574752.0,-55.3780403137207,17100,17099,61,368338.84375,2767,1.0010124444961548
172000,-3484.4807,0.0,1e-05,15621754.0,-55.3784065246582,17200,17199,61,-170901.484375,2780,1.0010221004486084
173000,-382.1237,0.0,1e-05,851381.625,-55.37847900390625,17300,17299,61,12160.9814453125,2796,1.0010271072387695
174000,2839.1104,0.0,1e-05,16244010.0,-55.37940216064453,17400,17399,61,-148683.046875,2811,1.0010467767715454
175000,126.317825,0.0,1e-05,3739310.0,-55.3794059753418,17500,17499,61,-101503.3125,2828,1.001045823097229
176000,-572.9103,0.0,1e-05,2457633.5,-55.37844467163086,17600,17599,61,78812.3984375,2842,1.001023769378662
177000,1477.5312,0.0,1e-05,7511947.5,-55.37795639038086,17700,17699,61,-109771.578125,2860,1.0010110139846802
178000,-232.74002,-1.1920928955078125e-07,1e-05,1757755.875,-55.37883377075195,17800,17799,61,-11789.2802734375,2874,1.001033067703247
179000,-1055.3126,0.0,1e-05,10345539.0,-55.37830352783203,17900,17899,61,-159770.921875,2891,1.0010201930999756
180000,-751.22284,0.0,1e-05,17168836.0,-55.377716064453125,18000,17999,61,-219197.671875,2905,1.001004695892334
181000,1167.3815,0.0,1e-05,40404500.0,-55.37751388549805,18100,18099,61,286690.96875,2921,1.0009992122650146
182000,213.33098,0.0,1e-05,4180461.75,-55.376319885253906,18200,18199,61,-6621.10302734375,2936,1.0009679794311523
183000,4006.8188,5.960464477539063e-08,1e-05,12582557.0,-55.376136779785156,18300,18299,61,-140106.59375,2955,1.0009654760360718
184000,-1892.3573,1.1920928955078125e-07,1e-05,106005688.0,-55.376251220703125,18400,18399,61,-530977.875,2969,1.0009655952453613
185000,-1309.2277,0.0,1e-05,3910126.5,-55.37726974487305,18500,18499,61,62792.4140625,2989,1.000994324684143
186000,-743.7237,-1.1920928955078125e-07,1e-05,25073678.0,-55.37883377075195,18600,18599,61,-219966.703125,3003,1.0010325908660889
187000,1378.4232,0.0,1e-05,10679155.0,-55.3789176940918,18700,18699,61,-149855.53125,3023,1.0010333061218262
188000,146.45355,-2.384185791015625e-07,1e-05,70098472.0,-55.379737854003906,18800,18799,61,455539.59375,3038,1.0010566711425781
189000,-1409.806,-2.384185791015625e-07,1e-05,5987519.5,-55.380104064941406,18900,18899,61,-120462.2265625,3056,1.0010671615600586
190000,-2229.9478,0.0,1e-05,9595005.0,-55.38009262084961,19000,18999,61,-56422.67578125,3071,1.0010684728622437
191000,-4000.3103,1.1920928955078125e-07,1e-05,9189479.0,-55.3798942565918,19100,19099,61,-147835.15625,3089,1.0010594129562378
192000,-3757.7786,0.0,1e-05,127510168.0,-55.380279541015625,19200,19199,61,-576688.8125,3104,1.0010716915130615
193000,640.3795,5.960464477539063e-08,1e-05,10835647.0,-55.3806266784668,19300,19299,61,-126593.5,3124,1.0010782480239868
194000,-2231.2627,0.0,1e-05,5083358.5,-55.381256103515625,19400,19399,61,2587.421875,3138,1.0010913610458374
195000,-1309.179,-1.1920928955078125e-07,1e-05,70810592.0,-55.3821907043457,19500,19499,61,-388050.125,3157,1.0011208057403564
196000,-3985.5508,-3.5762786865234375e-07,1e-05,3969339.75,-55.383544921875,19600,19599,61,977.978515625,3171,1.0011532306671143
197000,-294.31866,-2.384185791015625e-07,1e-05,34410576.0,-55.38386154174805,19700,19699,61,-284234.25,3186,1.001160979270935
198000,-3247.3206,1.1920928955078125e-07,1e-05,649491072.0,-55.384578704833984,19800,19799,61,1318327.375,3199,1.0011807680130005
199000,-4087.4912,0.0,1e-05,12619224.0,-55.38418197631836,19900,19899,61,101761.5,3214,1.0011711120605469
200000,-214.79144,-2.384185791015625e-06,1e-05,13183805.0,-55.38442611694336,20000,19999,61,98954.328125,3228,1.0011736154556274
201000,682.8946,0.0,1e-05,30641184.0,-55.38459396362305,20100,20099,61,-274559.28125,3247,1.0011833906173706
202000,1668.0116,0.0,1e-05,139642992.0,-55.3846321105957,20200,20199,61,-491750.0,3261,1.001184344291687
203000,-143.81401,0.0,1e-05,429954016.0,-55.3843879699707,20300,20299,61,-1019055.8125,3280,1.001176357269287
204000,-379.1715,0.0,1e-05,21601358.0,-55.3841667175293,20400,20399,61,-244041.921875,3294,1.0011670589447021
205000,1471.6133,1.7881393432617188e-07,1e-05,304278016.0,-55.38478469848633,20500,20499,61,605876.625,3309,1.0011881589889526
206000,287.45844,0.0,1e-05,19612200.0,-55.3851203918457,20600,20599,61,-199661.703125,3323,1.001192569732666
207000,12796.504,-1.2755393981933594e-05,1e-05,31188880.0,-55.385955810546875,20700,20699,61,192346.53125,3340,1.001214623451233
208000,-2778.8809,1.1920928955078125e-07,1e-05,70942928.0,-55.3860969543457,20800,20799,62,433953.09375,3354,1.0012189149856567
209000,8369.087,0.00025904178619384766,1e-05,12585163.0,-55.386146545410156,20900,20899,62,21772.87890625,3370,1.0012179613113403
210000,-297.00104,0.0,1e-05,10409315.0,-55.386268615722656,21000,20999,62,-145654.5,3383,1.0012238025665283
211000,462.65396,0.0,1e-05,4524562.5,-55.386260986328125,21100,21099,61,-81338.1640625,3403,1.0012210607528687
212000,-2049.8616,0.0,1e-05,49714940.0,-55.385658264160156,21200,21199,62,328559.96875,3417,1.001204252243042
213000,385.747,0.0,1e-05,22848684.0,-55.38569259643555,21300,21299,62,-249531.859375,3434,1.0012117624282837
214000,-122.4763,0.0,1e-05,51451628.0,-55.386775970458984,21400,21399,62,-362890.75,3448,1.001236915588379
215000,-106.06786,0.0,1e-05,12337548.0,-55.38764572143555,21500,21499,62,-153560.296875,3463,1.0012619495391846
216000,-505.93307,0.0,1e-05,2748398.5,-55.3875732421875,21600,21599,62,-20319.669921875,3477,1.0012569427490234
217000,-2376.1106,-1.1920928955078125e-07,1e-05,1450676.125,-55.3876838684082,21700,21699,62,-35530.52734375,3495,1.0012588500976562
218000,-529.98706,2.384185791015625e-07,1e-05,59994880.0,-55.387908935546875,21800,21799,62,-389861.1875,3510,1.0012668371200562
219000,1045.6721,0.0,1e-05,1562037.875,-55.38759994506836,21900,21899,62,-58634.33203125,3528,1.0012586116790771
220000,1456.4482,5.960464477539063e-08,1e-05,28401302.0,-55.389190673828125,22000,21999,62,-215395.109375,3544,1.0012975931167603
221000,2036.2227,-1.1920928955078125e-07,1e-05,8332301.0,-55.3896369934082,22100,22099,62,-142347.828125,3559,1.0013079643249512
222000,1167.6095,5.960464477539063e-08,1e-05,35283068.0,-55.38972091674805,22200,22199,62,-307761.21875,3573,1.001312017440796
223000,-563.4624,0.0,1e-05,4094850.5,-55.38889694213867,22300,22299,62,8381.7548828125,3589,1.0012913942337036
224000,3030.141,0.0,1e-05,1240314.0,-55.38973617553711,22400,22399,62,-33998.55078125,3604,1.0013128519058228
225000,-1798.1954,0.0,1e-05,3668648.75,-55.39011764526367,22500,22499,62,-56646.65234375,3620,1.0013208389282227
226000,-1345.2068,0.0,1e-05,44261980.0,-55.39030075073242,22600,22599,62,-339994.09375,3636,1.0013253688812256
227000,-1151.4792,-1.1920928955078125e-07,1e-05,11994642.0,-55.3895149230957,22700,22699,62,-182835.21875,3653,1.001308798789978
228000,-290.13892,0.0,1e-05,34593728.0,-55.390235900878906,22800,22799,62,-264937.75,3670,1.0013266801834106
229000,-363.90295,1.1920928955078125e-07,1e-05,6419639.0,-55.39129638671875,22900,22899,62,-114114.1484375,3683,1.0013529062271118
230000,-528.9301,0.0,1e-05,5177782.5,-55.391841888427734,23000,22999,62,-91891.3671875,3699,1.001371145248413
231000,1034.2299,1.7881393432617188e-07,1e-05,3899003.25,-55.391448974609375,23100,23099,62,96144.71875,3713,1.0013580322265625
232000,-707.5945,0.0,1e-05,35695220.0,-55.391273498535156,23200,23199,62,-320916.125,3728,1.001353144645691
233000,-3022.1807,-1.1920928955078125e-07,1e-05,155572048.0,-55.39128494262695,23300,23299,62,-582985.8125,3744,1.001355528831482
234000,-1386.8541,-1.1920928955078125e-07,1e-05,5051038.5,-55.39120101928711,23400,23399,62,-107279.4765625,3760,1.0013493299484253
235000,3757.746,0.0,1e-05,2626234.75,-55.390724182128906,23500,23499,62,-52534.86328125,3776,1.0013378858566284
236000,-682.6941,-1.1920928955078125e-07,1e-05,7752003.5,-55.390541076660156,23600,23599,62,-96028.4609375,3793,1.001330852508545
237000,660.2073,0.0,1e-05,14958765.0,-55.3911247253418,23700,23699,62,-120339.0625,3809,1.0013506412506104
238000,-396.8928,6.556510925292969e-07,1e-05,63397724.0,-55.39095687866211,23800,23799,62,-380131.96875,3825,1.001347303390503
239000,-246.85156,-1.1920928955078125e-07,1e-05,3377869.25,-55.3912467956543,23900,23899,62,-52472.0703125,3840,1.0013537406921387
240000,-3095.0823,2.384185791015625e-07,1e-05,3196478.75,-55.3914909362793,24000,23999,62,8491.6044921875,3855,1.0013600587844849
241000,883.0514,0.0,1e-05,2710707.0,-55.391754150390625,24100,24099,62,46209.98046875,3871,1.0013659000396729
242000,1171.7396,0.0,1e-05,6680023.5,-55.3918571472168,24200,24199,62,-90093.6484375,3887,1.0013679265975952
243000,-79.48805,0.0,1e-05,5019404.0,-55.39111328125,24300,24299,62,-47714.45703125,3902,1.0013480186462402
244000,-594.2698,-1.0728836059570312e-06,1e-05,64920384.0,-55.391048431396484,24400,24399,62,431030.90625,3919,1.001347303390503
245000,268.10376,-2.384185791015625e-07,1e-05,59025980.0,-55.39216232299805,24500,24499,62,-421904.34375,3933,1.0013747215270996
246000,-410.7962,0.0,1e-05,8112848.0,-55.392181396484375,24600,24599,62,-81915.0234375,3947,1.0013781785964966
247000,-2991.6511,0.0,1e-05,14023119.0,-55.39137649536133,24700,24699,62,-202493.453125,3961,1.0013537406921387
248000,-786.70996,-2.384185791015625e-07,1e-05,1958081.25,-55.38991165161133,24800,24799,62,-43061.2265625,3977,1.0013175010681152
249000,3744.4636,0.0,1e-05,59223612.0,-55.389705657958984,24900,24899,62,-309497.71875,3992,1.001314640045166
250000,-784.5036,0.0,1e-05,2938545.25,-55.390846252441406,25000,24999,62,58315.32421875,4009,1.001341462135315
251000,-1268.9596,0.0,1e-05,1416760.375,-55.39055252075195,25100,25099,62,14402.244140625,4023,1.0013325214385986
252000,-301.05954,-1.1920928955078125e-07,1e-05,30444798.0,-55.39046096801758,25200,25199,62,-263864.21875,4038,1.0013320446014404
253000,-2784.3406,0.0,1e-05,9543688.0,-55.390296936035156,25300,25299,62,-151590.046875,4052,1.0013279914855957
254000,1718.8339,0.0,1e-05,13201755.0,-55.39040756225586,25400,25399,62,-171666.15625,4069,1.0013318061828613
255000,-1127.2992,0.0,1e-05,10342917.0,-55.38994216918945,25500,25499,62,-168608.265625,4083,1.001318097114563
256000,-256.89658,1.1920928955078125e-07,1e-05,7243375.5,-55.39091873168945,25600,25599,62,150282.28125,4100,1.001344919204712
257000,-1611.8184,0.0,1e-05,1999587.375,-55.39191818237305,25700,25699,62,-26681.67578125,4113,1.0013699531555176
258000,53.559494,0.0,1e-05,5875789.5,-55.3932991027832,25800,25799,62,36527.5390625,4129,1.00140380859375
259000,-2925.3745,1.1920928955078125e-07,1e-05,5211873.5,-55.39364242553711,25900,25899,62,-101719.2890625,4144,1.0014123916625977
260000,-1497.0989,0.0,1e-05,57358272.0,-55.39358139038086,26000,25999,62,-355848.625,4162,1.0014126300811768
261000,-144.061,1.1920928955078125e-07,1e-05,127012432.0,-55.393245697021484,26100,26099,62,-547840.1875,4176,1.0014030933380127
262000,357.97104,-1.1920928955078125e-07,1e-05,25991488.0,-55.39353561401367,26200,26199,62,-248358.90625,4195,1.0014101266860962
263000,2662.4385,1.1920928955078125e-07,1e-05,20356350.0,-55.3940315246582,26300,26299,62,224329.546875,4209,1.001423716545105
264000,-635.58545,-1.1920928955078125e-07,1e-05,26736378.0,-55.3946418762207,26400,26399,62,260396.0,4227,1.001441240310669
265000,1248.9517,0.0,1e-05,40759068.0,-55.39521408081055,26500,26499,62,-197212.578125,4241,1.00145423412323
266000,4696.574,0.0,1e-05,24124712.0,-55.39571762084961,26600,26599,62,-235712.328125,4257,1.001466989517212
267000,-2426.4443,5.364418029785156e-07,1e-05,85646696.0,-55.39482498168945,26700,26699,62,-471875.25,4271,1.0014451742172241
268000,-2641.8948,-1.1920928955078125e-07,1e-05,54157152.0,-55.3947639465332,26800,26799,62,-407263.40625,4287,1.0014392137527466
269000,2069.3623,1.1920928955078125e-06,1e-05,27166318.0,-55.39445877075195,26900,26899,62,-9236.9189453125,4301,1.0014349222183228
270000,291.75525,0.0,1e-05,52454244.0,-55.394081115722656,27000,26999,62,-303222.09375,4319,1.0014253854751587
271000,-1336.2269,-1.1920928955078125e-07,1e-05,30022698.0,-55.39498519897461,27100,27099,62,-278035.25,4332,1.0014474391937256
272000,-156.30647,0.0,1e-05,8796303.0,-55.39501953125,27200,27199,62,118307.8984375,4352,1.0014467239379883
273000,-3074.2437,0.0,1e-05,7141305.5,-55.394752502441406,27300,27299,62,65750.53125,4366,1.0014426708221436
274000,1483.8197,0.0,1e-05,10872676.0,-55.394500732421875,27400,27399,62,-114799.8984375,4385,1.0014342069625854
275000,-323.38177,-1.1920928955078125e-07,1e-05,2545281.75,-55.39482498168945,27500,27499,62,71170.484375,4399,1.001442790031433
276000,-7977.4976,-2.7418136596679688e-06,1e-05,14172799.0,-55.396480560302734,27600,27599,62,-22857.322265625,4418,1.0014853477478027
277000,279.56866,0.0,1e-05,5113412.0,-55.3974494934082,27700,27699,62,-96666.4296875,4432,1.0015078783035278
278000,7086.7456,1.1920928955078125e-07,1e-05,45279628.0,-55.39858627319336,27800,27799,62,349834.84375,4448,1.001538634300232
279000,2103.318,0.0,1e-05,41868596.0,-55.398109436035156,27900,27899,62,-336879.8125,4462,1.0015275478363037
280000,282.95248,0.0,1e-05,8574962.0,-55.39817428588867,28000,27999,62,-148842.171875,4481,1.0015267133712769
281000,-76.541985,2.980232238769531e-07,1e-05,1514809.375,-55.398101806640625,28100,28099,62,22073.841796875,4495,1.001525640487671
282000,-293.6031,-2.384185791015625e-07,1e-05,720388.9375,-55.397987365722656,28200,28199,62,37430.18359375,4510,1.0015277862548828
283000,-53.07215,0.0,1e-05,2194455.75,-55.3968391418457,28300,28299,62,-78454.9765625,4523,1.001495361328125
284000,-507.22644,0.0,1e-05,9639711.0,-55.39693069458008,28400,28399,62,152420.109375,4542,1.0014986991882324
285000,-523.8163,1.1920928955078125e-07,1e-05,2282413.75,-55.397674560546875,28500,28499,62,-75.8890609741211,4556,1.0015206336975098
286000,-1615.3845,0.0,1e-05,3553396.0,-55.39844512939453,28600,28599,62,-59665.55078125,4573,1.001539945602417
287000,-2258.191,-2.384185791015625e-07,1e-05,8044121.5,-55.399017333984375,28700,28699,62,-113014.578125,4587,1.001550555229187
288000,-1040.7301,1.7881393432617188e-07,1e-05,21211728.0,-55.39868927001953,28800,28799,62,-212474.953125,4605,1.0015435218811035
289000,1164.2776,0.0,1e-05,3220624.0,-55.397987365722656,28900,28899,62,-70087.625,4621,1.0015268325805664
290000,1518.0109,0.0,1e-05,2831551.25,-55.39870834350586,29000,28999,62,-73778.484375,4638,1.0015453100204468
291000,-3586.2437,-5.960464477539062e-07,1e-05,2036328.375,-55.400245666503906,29100,29099,62,32713.943359375,4652,1.0015826225280762
292000,-2025.8658,0.0,1e-05,3245727.75,-55.40008544921875,29200,29199,62,79114.5078125,4667,1.0015795230865479
293000,1855.6042,1.1920928955078125e-07,1e-05,8388814.0,-55.401790618896484,29300,29299,62,-151582.609375,4681,1.0016204118728638
294000,-761.9998,0.0,1e-05,7375969.0,-55.40253448486328,29400,29399,62,-123987.0234375,4695,1.001642107963562
295000,384.77182,0.0,1e-05,887079.625,-55.403053283691406,29500,29499,62,-23068.26953125,4710,1.0016542673110962
296000,-308.51126,0.0,1e-05,19048612.0,-55.4031867980957,29600,29599,62,-215730.796875,4726,1.0016616582870483
297000,-376.74023,1.1920928955078125e-07,1e-05,795609.0625,-55.4039421081543,29700,29699,62,-29411.779296875,4741,1.0016766786575317
298000,-668.215,0.0,1e-05,12487612.0,-55.40300369262695,29800,29799,62,-151922.8125,4757,1.0016553401947021
299000,-453.03622,0.0,1e-05,2855854.0,-55.40264892578125,29900,29899,62,-40099.3828125,4772,1.001645565032959
300000,372.9302,0.0,1e-05,2632240.5,-55.40401077270508,30000,29999,62,-66200.5390625,4786,1.0016822814941406
301000,75.87492,0.0,1e-05,15932461.0,-55.40424728393555,30100,30099,62,193992.78125,4802,1.0016831159591675
302000,2135.0215,-1.1920928955078125e-07,1e-05,1936699.875,-55.40363311767578,30200,30199,62,-27012.341796875,4817,1.0016703605651855
303000,-634.94653,5.960464477539063e-08,1e-05,17327664.0,-55.403594970703125,30300,30299,62,-206316.515625,4831,1.0016705989837646
304000,1423.966,5.960464477539063e-08,1e-05,15415859.0,-55.403961181640625,30400,30399,62,-199320.59375,4845,1.001677393913269
305000,227.20695,-1.1920928955078125e-07,1e-05,18490056.0,-55.40421676635742,30500,30499,62,-186172.296875,4860,1.0016838312149048
306000,-11.280595,5.960464477539063e-08,1e-05,36014252.0,-55.403438568115234,30600,30599,62,-321429.15625,4876,1.0016649961471558
307000,-641.7593,0.0,1e-05,65249280.0,-55.405189514160156,30700,30699,62,411474.5625,4891,1.0017106533050537
308000,-1250.7413,0.0,1e-05,5949069.0,-55.40459060668945,30800,30799,62,-62032.9140625,4907,1.001697063446045
309000,-378.9895,0.0,1e-05,21308874.0,-55.40444564819336,30900,30899,62,-237246.75,4923,1.001691460609436
310000,-921.55396,-1.1920928955078125e-07,1e-05,3900963.25,-55.40446853637695,31000,30999,62,34607.21875,4939,1.0016921758651733
311000,-3254.1753,-1.1920928955078125e-07,1e-05,84934256.0,-55.404273986816406,31100,31099,62,457871.0,4956,1.0016858577728271
312000,-749.62885,0.0,1e-05,9726411.0,-55.40421676635742,31200,31199,62,39680.67578125,4970,1.0016833543777466
313000,511.93115,0.0,1e-05,3883527.75,-55.40449142456055,31300,31299,62,74509.9140625,4986,1.0016934871673584
314000,-1066.6028,-1.1920928955078125e-07,1e-05,41801004.0,-55.406097412109375,31400,31399,62,-284192.3125,5001,1.0017361640930176
315000,-1129.5175,1.7881393432617188e-07,1e-05,6955958.5,-55.40620040893555,31500,31499,62,-102508.6953125,5017,1.0017374753952026
316000,-1199.9043,0.0,1e-05,68512440.0,-55.40694808959961,31600,31599,62,-450130.34375,5032,1.001756191253662
317000,-999.4954,1.1920928955078125e-07,1e-05,17963094.0,-55.40659713745117,31700,31699,62,211624.078125,5047,1.001746416091919
318000,-601.9194,-2.384185791015625e-07,1e-05,15506755.0,-55.405738830566406,31800,31799,62,-173682.421875,5061,1.0017273426055908
319000,2297.419,0.0,1e-05,20501092.0,-55.40576934814453,31900,31899,62,-216672.953125,5078,1.0017269849777222
320000,987.3039,0.0,1e-05,36934316.0,-55.40694046020508,32000,31999,62,-321571.40625,5092,1.0017541646957397
321000,368.05753,5.960464477539063e-08,1e-05,26977190.0,-55.40656661987305,32100,32099,62,-254448.53125,5107,1.0017437934875488
322000,-1795.774,0.0,1e-05,6186316.5,-55.40775680541992,32200,32199,62,-91040.9375,5122,1.001773715019226
323000,-2469.4707,0.0,1e-05,95348880.0,-55.407562255859375,32300,32299,62,-407473.78125,5140,1.0017722845077515
324000,-541.0329,1.1920928955078125e-07,1e-05,12984706.0,-55.408119201660156,32400,32399,62,-162348.078125,5154,1.0017845630645752
325000,-727.8278,5.960464477539063e-08,1e-05,15272096.0,-55.4090461730957,32500,32499,62,-204490.0,5172,1.0018093585968018
326000,962.79974,0.0,1e-05,11520237.0,-55.409400939941406,32600,32599,62,-131850.046875,5185,1.0018190145492554
327000,-2114.8735,-1.1920928955078125e-07,1e-05,2765617.75,-55.409698486328125,32700,32699,62,19371.107421875,5201,1.0018255710601807
328000,-655.7353,0.0,1e-05,24943642.0,-55.40925216674805,32800,32799,62,-173974.734375,5215,1.0018138885498047
329000,-4352.18,0.0,1e-05,3607274.0,-55.40845489501953,32900,32899,62,88302.0546875,5231,1.0017931461334229
330000,2173.4563,0.0,1e-05,163585056.0,-55.40964889526367,33000,32999,62,-691653.9375,5245,1.0018246173858643
331000,1179.7334,0.0,1e-05,11234407.0,-55.410072326660156,33100,33099,62,-176034.21875,5263,1.0018357038497925
332000,2761.2505,-2.384185791015625e-07,1e-05,82201024.0,-55.40999984741211,33200,33199,62,-334257.78125,5276,1.0018367767333984
333000,760.18195,1.1920928955078125e-07,1e-05,24454664.0,-55.411231994628906,33300,33299,62,-241461.0,5293,1.001866102218628
334000,5204.4854,0.0,1e-05,5165547.5,-55.4115104675293,33400,33399,62,98589.4375,5307,1.0018727779388428
335000,856.7169,0.0,1e-05,4500470.5,-55.4127082824707,33500,33499,62,73545.5859375,5326,1.00190007686615
336000,1742.5637,5.960464477539063e-08,1e-05,107405080.0,-55.412384033203125,33600,33599,62,-539600.0,5339,1.00189208984375
337000,-1461.3479,0.0,1e-05,16504707.0,-55.4118537902832,33700,33699,62,-195494.328125,5355,1.0018805265426636
338000,-5109.1763,0.0,1e-05,1450790784.0,-55.4114875793457,33800,33799,62,-2121721.25,5369,1.0018718242645264
339000,240.92154,4.172325134277344e-07,1e-05,65047464.0,-55.41241455078125,33900,33899,62,448369.3125,5387,1.0018973350524902
340000,2929.2678,5.960464477539063e-08,1e-05,111499304.0,-55.41288375854492,34000,33999,62,-391986.75,5401,1.001909852027893
341000,-3902.2546,4.76837158203125e-07,1e-05,68227280.0,-55.4119758605957,34100,34099,62,-457508.8125,5419,1.0018844604492188
342000,-1277.19,2.384185791015625e-07,1e-05,85184040.0,-55.41311264038086,34200,34199,62,-488026.21875,5433,1.0019136667251587
343000,395.08762,0.0,1e-05,23783056.0,-55.4127311706543,34300,34299,62,-91044.0546875,5449,1.0019035339355469
344000,701.5185,0.0,1e-05,2464946.5,-55.413551330566406,34400,34399,62,12504.4609375,5462,1.0019240379333496
345000,-71.463844,-1.1920928955078125e-07,1e-05,245046528.0,-55.41408920288086,34500,34499,62,-618080.3125,5479,1.0019409656524658
346000,-363.58276,0.0,1e-05,2213561.75,-55.4153938293457,34600,34599,62,-68004.2265625,5493,1.0019718408584595
347000,-1521.4696,-1.7881393432617188e-06,1e-05,356879328.0,-55.415260314941406,34700,34699,62,803491.1875,5509,1.0019680261611938
348000,-3575.8755,1.1920928955078125e-07,1e-05,217789696.0,-55.41683578491211,34800,34799,63,-795933.375,5522,1.0020084381103516
349000,-233.00383,-0.0003243684768676758,1e-05,9153731.0,-55.41706085205078,34900,34899,63,9395.3564453125,5538,1.002013921737671
350000,-2006.0449,-1.1920928955078125e-07,1e-05,8974227.0,-55.4176139831543,35000,34999,63,-122157.4921875,5551,1.0020298957824707
351000,-398.41742,5.960464477539063e-08,1e-05,3943183.25,-55.41826248168945,35100,35099,63,83168.4765625,5571,1.002046823501587
352000,-599.6531,0.0,1e-05,150976944.0,-55.419647216796875,35200,35199,63,620940.5625,5584,1.002081036567688
353000,-877.4904,0.0,1e-05,13631203.0,-55.42116928100586,35300,35299,63,-166629.53125,5602,1.0021201372146606
354000,-236.56898,0.0,1e-05,2439427.5,-55.4216423034668,35400,35399,63,-58592.0078125,5616,1.002132534980774
355000,-1994.7266,2.384185791015625e-07,1e-05,1708316.0,-55.42193603515625,35500,35499,62,59075.875,5635,1.0021401643753052
356000,220.99886,-1.1920928955078125e-07,1e-05,20470790.0,-55.42168045043945,35600,35599,63,-176365.609375,5650,1.0021358728408813
357000,-2622.4893,5.960464477539063e-08,1e-05,1562033.875,-55.4214973449707,35700,35699,63,14021.908203125,5665,1.0021305084228516
358000,2486.1475,0.0,1e-05,6237933.5,-55.42100143432617,35800,35799,63,-79730.2421875,5679,1.0021196603775024
359000,-494.84314,0.0,1e-05,7821046.5,-55.42142868041992,35900,35899,63,-143795.5625,5697,1.0021276473999023
360000,-3126.5986,0.0,1e-05,302852256.0,-55.42167282104492,36000,35999,63,-792376.625,5712,1.0021370649337769
361000,897.1504,0.0,1e-05,8332945.0,-55.42168045043945,36100,36099,63,-127409.875,5727,1.0021377801895142
362000,-1449.2955,1.1920928955078125e-07,1e-05,62762700.0,-55.42167282104492,36200,36199,63,440492.65625,5742,1.00213623046875
363000,-2960.1492,5.960464477539063e-08,1e-05,51751072.0,-55.421485900878906,36300,36299,63,360754.15625,5758,1.0021281242370605
364000,397.6319,0.0,1e-05,3238286.0,-55.421417236328125,36400,36399,63,38273.49609375,5773,1.002127766609192
365000,-1032.8632,-1.1920928955078125e-07,1e-05,3731483.75,-55.42048263549805,36500,36499,63,-72837.625,5789,1.002103328704834
366000,-753.9667,0.0,1e-05,78642408.0,-55.42059326171875,36600,36599,63,-452786.21875,5804,1.002106785774231
367000,-547.87286,1.1920928955078125e-07,1e-05,43505176.0,-55.41981887817383,36700,36699,63,-323456.25,5818,1.0020897388458252
368000,-627.9365,1.7881393432617188e-07,1e-05,16192827.0,-55.4206657409668,36800,36799,63,-192400.109375,5833,1.002111554145813
369000,-1656.294,0.0,1e-05,503214.8125,-55.42095947265625,36900,36899,63,14741.78125,5848,1.0021175146102905
370000,-322.9533,0.0,1e-05,31009934.0,-55.42141342163086,37000,36999,63,-295041.5625,5866,1.0021262168884277
371000,354.6133,0.0,1e-05,12934811.0,-55.4218864440918,37100,37099,63,182352.90625,5880,1.0021406412124634
372000,1308.0201,0.0,1e-05,10720482.0,-55.42205810546875,37200,37199,63,-947.4125366210938,5895,1.0021426677703857
373000,1621.5719,0.0,1e-05,34261548.0,-55.4219970703125,37300,37299,63,-275852.40625,5912,1.0021427869796753
374000,-746.5857,0.0,1e-05,20483082.0,-55.4237174987793,37400,37399,63,-219219.234375,5928,1.0021854639053345
375000,303.36362,0.0,1e-05,6239251.5,-55.424591064453125,37500,37499,63,-74193.9609375,5944,1.0022070407867432
376000,712.20874,0.0,1e-05,28879006.0,-55.42407989501953,37600,37599,63,-287091.09375,5962,1.002195954322815
377000,1271.9177,0.0,1e-05,6834822.5,-55.42375564575195,37700,37699,63,103207.0546875,5976,1.0021847486495972
378000,997.0363,0.0,1e-05,15549439.0,-55.42428207397461,37800,37799,63,212897.171875,5992,1.0022006034851074
379000,1055.5928,0.0,1e-05,2799612.75,-55.423858642578125,37900,37899,63,81042.7890625,6006,1.002192735671997
380000,1155.8414,5.960464477539063e-08,1e-05,3540910.5,-55.42560577392578,38000,37999,63,90894.3671875,6021,1.002236247062683
381000,-356.6376,0.0,1e-05,10858230.0,-55.42487716674805,38100,38099,63,-163624.109375,6036,1.0022188425064087
382000,-6058.5664,0.0,1e-05,3823667.75,-55.42428207397461,38200,38199,63,-33450.41796875,6055,1.0022026300430298
383000,513.3381,1.1920928955078125e-07,1e-05,49149056.0,-55.42470932006836,38300,38299,63,-344289.59375,6070,1.002212405204773
384000,562.8861,0.0,1e-05,6634908.0,-55.42534255981445,38400,38399,63,69370.078125,6087,1.002228856086731
385000,-1237.3668,0.0,1e-05,1825285.625,-55.42436599731445,38500,38499,63,42045.14453125,6102,1.0022028684616089
386000,130.70543,-1.1920928955078125e-07,1e-05,31532650.0,-55.424110412597656,38600,38599,63,-251233.65625,6120,1.0021989345550537
387000,702.64276,0.0,1e-05,1197544.125,-55.423316955566406,38700,38699,63,26158.39453125,6135,1.0021743774414062
388000,-1589.3716,0.0,1e-05,1188888.0,-55.42365646362305,38800,38799,63,-53677.80078125,6151,1.0021871328353882
389000,-359.25174,0.0,1e-05,21976158.0,-55.42318344116211,38900,38899,63,217181.984375,6166,1.0021731853485107
390000,-2052.9065,0.0,1e-05,994919.1875,-55.42212677001953,39000,38999,63,-1716.7274169921875,6181,1.0021471977233887
391000,318.9886,0.0,1e-05,4360006.5,-55.422401428222656,39100,39099,63,95513.890625,6195,1.0021535158157349
392000,2826.5554,0.0,1e-05,55642892.0,-55.422332763671875,39200,39199,63,-378154.1875,6213,1.0021510124206543
393000,1553.6691,0.0,1e-05,3815847.75,-55.42208480834961,39300,39299,63,39877.578125,6228,1.00214421749115
394000,1389.3171,-2.384185791015625e-07,1e-05,12932350.0,-55.421241760253906,39400,39399,63,-184808.328125,6245,1.002124547958374
395000,4716.8296,-1.1920928955078125e-07,1e-05,7179606.5,-55.42194747924805,39500,39499,63,116402.1640625,6258,1.0021414756774902
396000,344.46567,1.1920928955078125e-07,1e-05,15525267.0,-55.4227409362793,39600,39599,63,-192477.15625,6274,1.002160668373108
397000,-1766.772,0.0,1e-05,7439048.0,-55.4227409362793,39700,39699,63,135614.21875,6288,1.0021604299545288
398000,1549.6527,0.0,1e-05,7262508.0,-55.4222526550293,39800,39799,63,-67400.359375,6305,1.0021470785140991
399000,-282.97845,0.0,1e-05,103954360.0,-55.422340393066406,39900,39899,63,-536909.1875,6318,1.002150535583496
400000,212.89973,2.384185791015625e-07,1e-05,70644720.0,-55.42253494262695,40000,39999,63,-402170.40625,6335,1.0021567344665527
401000,-4539.1895,0.0,1e-05,18837720.0,-55.42287826538086,40100,40099,63,147704.359375,6349,1.0021636486053467
402000,869.0862,0.0,1e-05,9133090.0,-55.4234504699707,40200,40199,63,-92336.453125,6365,1.0021779537200928
403000,-4848.2437,0.0,1e-05,8100149.5,-55.42324447631836,40300,40299,63,-17154.564453125,6379,1.002174735069275
404000,-2529.0295,5.960464477539063e-08,1e-05,55274452.0,-55.4225959777832,40400,40399,63,-362964.75,6397,1.0021593570709229
405000,-4103.6387,0.0,1e-05,6670470.0,-55.42231369018555,40500,40499,63,-51457.99609375,6411,1.0021536350250244
406000,1257.5504,-1.1920928955078125e-07,1e-05,21307238.0,-55.4223747253418,40600,40599,63,-181806.15625,6426,1.0021557807922363
407000,-883.2569,0.0,1e-05,63801564.0,-55.42206954956055,40700,40699,63,-216288.546875,6440,1.002144455909729
408000,-1789.4915,0.0,1e-05,15211183.0,-55.422115325927734,40800,40799,63,176569.359375,6456,1.0021493434906006
409000,-639.54865,-3.5762786865234375e-07,1e-05,213746240.0,-55.422157287597656,40900,40899,63,516141.90625,6470,1.0021482706069946
410000,4608.105,0.0,1e-05,82470016.0,-55.4222297668457,41000,40999,63,-439579.34375,6488,1.0021469593048096
411000,1033.9414,0.0,1e-05,3778961.25,-55.4224739074707,41100,41099,63,65600.0859375,6501,1.0021568536758423
412000,-2508.186,0.0,1e-05,5365977.5,-55.42216873168945,41200,41199,63,-36156.30859375,6519,1.0021495819091797
413000,-8480.133,0.0,1e-05,5707905.5,-55.42097854614258,41300,41299,63,-49137.01171875,6533,1.0021183490753174
414000,-4363.349,0.0,1e-05,21137068.0,-55.421661376953125,41400,41399,63,-180954.546875,6550,1.0021333694458008
415000,-1477.9956,0.0,1e-05,17581314.0,-55.42206954956055,41500,41499,63,-190271.953125,6564,1.0021483898162842
416000,-1065.9597,4.76837158203125e-07,1e-05,76329176.0,-55.4221076965332,41600,41599,63,-297772.0,6581,1.0021436214447021
417000,-202.8268,2.384185791015625e-07,1e-05,2520964.5,-55.422279357910156,41700,41699,63,-24904.21875,6595,1.0021512508392334
418000,-2014.8649,-1.1920928955078125e-07,1e-05,18551646.0,-55.4227180480957,41800,41799,63,216313.0,6612,1.002164602279663
419000,-127.431,0.0,1e-05,21957694.0,-55.42268753051758,41900,41899,63,204099.96875,6626,1.002162218093872
420000,83.6324,-2.384185791015625e-07,1e-05,4449588.0,-55.422698974609375,42000,41999,63,-97992.2734375,6642,1.0021580457687378
421000,-3195.9956,-1.1920928955078125e-07,1e-05,15213707.0,-55.422706604003906,42100,42099,63,214482.109375,6655,1.002164602279663
422000,-355.37418,0.0,1e-05,3508824.75,-55.42342758178711,42200,42199,63,-76247.4921875,6672,1.0021792650222778
423000,-592.8481,0.0,1e-05,11144288.0,-55.42316818237305,42300,42299,63,-173758.53125,6686,1.0021734237670898
424000,-163.97343,-1.1920928955078125e-07,1e-05,1900316.0,-55.424415588378906,42400,42399,63,29991.224609375,6701,1.002206563949585
425000,-2771.077,5.960464477539063e-08,1e-05,1922077.875,-55.42452621459961,42500,42499,63,-30168.857421875,6716,1.0022083520889282
426000,-2006.2638,-1.1920928955078125e-07,1e-05,1793005.25,-55.4249153137207,42600,42599,63,-16814.56640625,6732,1.002220630645752
427000,-195.67221,5.960464477539063e-08,1e-05,3021183.75,-55.4249382019043,42700,42699,63,-977.109375,6746,1.0022186040878296
428000,1157.3518,0.0,1e-05,13666467.0,-55.4250373840332,42800,42799,63,-175712.125,6761,1.0022221803665161
429000,132.23584,0.0,1e-05,22973056.0,-55.42633056640625,42900,42899,63,-232555.671875,6776,1.0022568702697754
430000,-32.566616,0.0,1e-05,2027046.25,-55.4262580871582,43000,42999,63,-30715.72265625,6791,1.0022562742233276
431000,-3257.4543,2.384185791015625e-07,1e-05,36374100.0,-55.4267463684082,43100,43099,63,-319762.9375,6805,1.0022656917572021
432000,370.1326,-1.1920928955078125e-07,1e-05,6710413.5,-55.4275016784668,43200,43199,63,-129613.9140625,6820,1.0022833347320557
433000,-102.63245,0.0,1e-05,9105879.0,-55.42792892456055,43300,43299,63,-155751.109375,6835,1.002297282218933
434000,-134.90933,-2.384185791015625e-07,1e-05,37924988.0,-55.427833557128906,43400,43399,63,-343995.34375,6851,1.0022916793823242
435000,873.3488,-1.1920928955078125e-07,1e-05,16493610.0,-55.42824935913086,43500,43499,63,-218566.546875,6866,1.0023033618927002
436000,761.2723,0.0,1e-05,1509370.375,-55.42988204956055,43600,43599,63,-30513.130859375,6883,1.0023472309112549
437000,-1575.7799,-1.1920928955078125e-07,1e-05,15508035.0,-55.43056869506836,43700,43699,63,-188425.890625,6897,1.0023646354675293
438000,-2309.6335,5.960464477539063e-08,1e-05,8577699.0,-55.43034744262695,43800,43799,63,-144370.015625,6913,1.0023584365844727
439000,507.2593,0.0,1e-05,14691194.0,-55.43083572387695,43900,43899,63,202949.421875,6929,1.0023714303970337
440000,-602.2162,-1.1920928955078125e-07,1e-05,2327528.0,-55.431365966796875,44000,43999,63,22474.99609375,6946,1.0023826360702515
441000,328.11072,-1.1920928955078125e-07,1e-05,14842312.0,-55.43121337890625,44100,44099,63,-190816.046875,6962,1.002380609512329
442000,-1514.8848,0.0,1e-05,5163279.0,-55.4307975769043,44200,44199,63,-91647.3125,6977,1.0023714303970337
443000,859.90045,0.0,1e-05,6465652.0,-55.431514739990234,44300,44299,63,114801.3046875,6993,1.0023870468139648
444000,-1900.328,0.0,1e-05,7344257.5,-55.43095779418945,44400,44399,63,116597.578125,7008,1.0023754835128784
445000,-1706.8689,0.0,1e-05,53056168.0,-55.43115234375,44500,44499,63,-296751.90625,7024,1.0023813247680664
446000,-1844.2139,0.0,1e-05,11633269.0,-55.4311637878418,44600,44599,63,135146.328125,7038,1.0023785829544067
447000,-2536.0051,0.0,1e-05,17794254.0,-55.431434631347656,44700,44699,63,154283.453125,7054,1.002386450767517
448000,-2357.2676,2.980232238769531e-07,1e-05,41103088.0,-55.43001937866211,44800,44799,63,-332479.96875,7068,1.0023503303527832
449000,-286.82172,0.0,1e-05,18531684.0,-55.42928695678711,44900,44899,63,164374.109375,7084,1.0023308992385864
450000,1538.4865,0.0,1e-05,40613100.0,-55.42884063720703,45000,44999,63,-294782.84375,7100,1.0023213624954224
451000,-170.01123,0.0,1e-05,156103296.0,-55.428340911865234,45100,45099,63,648661.6875,7118,1.002310037612915
452000,-700.66724,-1.1920928955078125e-07,1e-05,73618264.0,-55.428009033203125,45200,45199,63,404535.09375,7132,1.0022978782653809
453000,69.93042,0.0,1e-05,8212614.5,-55.427467346191406,45300,45299,63,147384.328125,7149,1.0022838115692139
454000,-1538.2087,0.0,1e-05,26727824.0,-55.4274787902832,45400,45399,63,-263316.59375,7163,1.002286434173584
455000,225.37859,0.0,1e-05,3205401.25,-55.42756271362305,45500,45499,63,-88777.2109375,7179,1.0022852420806885
456000,-552.4045,0.0,1e-05,17304934.0,-55.4277458190918,45600,45599,63,-63680.9453125,7193,1.0022878646850586
457000,398.6084,-1.1920928955078125e-07,1e-05,1078822.875,-55.42692184448242,45700,45699,63,41991.62109375,7209,1.0022705793380737
458000,-84.63664,0.0,1e-05,2600567.25,-55.42654037475586,45800,45799,63,24884.07421875,7223,1.002257227897644
459000,-3469.4941,1.1920928955078125e-07,1e-05,83601360.0,-55.42560958862305,45900,45899,63,-394565.34375,7240,1.0022376775741577
460000,392.15854,0.0,1e-05,11087895.0,-55.426021575927734,46000,45999,63,-146228.703125,7254,1.0022497177124023
461000,-3700.4956,0.0,1e-05,12965565.0,-55.42644119262695,46100,46099,63,93320.1171875,7270,1.0022600889205933
462000,-474.92313,0.0,1e-05,21737350.0,-55.4257698059082,46200,46199,63,215770.859375,7284,1.0022401809692383
463000,-2022.1733,1.1920928955078125e-07,1e-05,158329216.0,-55.42645263671875,46300,46299,63,-600284.625,7301,1.0022600889205933
464000,-1649.962,-1.1920928955078125e-07,1e-05,11351812.0,-55.42728805541992,46400,46399,63,-141167.40625,7315,1.0022802352905273
465000,-1018.66003,2.384185791015625e-07,1e-05,4398851.5,-55.427520751953125,46500,46499,63,-103277.203125,7333,1.0022894144058228
466000,587.17554,-1.1920928955078125e-07,1e-05,17567732.0,-55.4281120300293,46600,46599,63,-210406.921875,7346,1.002301573753357
467000,-500.0554,-1.1920928955078125e-07,1e-05,16646666.0,-55.42727279663086,46700,46699,63,-202014.65625,7363,1.0022790431976318
468000,-1289.6494,0.0,1e-05,10867905.0,-55.4282341003418,46800,46799,63,-168694.046875,7377,1.0023049116134644
469000,-1064.0607,1.1920928955078125e-07,1e-05,11380379.0,-55.42926025390625,46900,46899,63,-90915.5234375,7393,1.002333402633667
470000,6493.9653,-1.1920928955078125e-07,1e-05,641754240.0,-55.42902755737305,47000,46999,63,-1279864.875,7408,1.0023263692855835
471000,881.411,-1.1920928955078125e-07,1e-05,7485509.5,-55.43010330200195,47100,47099,63,-42577.23046875,7425,1.0023525953292847
472000,2036.0674,0.0,1e-05,136632864.0,-55.430328369140625,47200,47199,63,259601.046875,7439,1.0023585557937622
473000,-2759.056,2.980232238769531e-07,1e-05,17292958.0,-55.43073654174805,47300,47299,63,-226478.984375,7456,1.0023682117462158
474000,-5883.0913,-1.1920928955078125e-07,1e-05,44964052.0,-55.4297981262207,47400,47399,63,-288014.84375,7471,1.0023471117019653
475000,1243.7913,0.0,1e-05,20953038.0,-55.430938720703125,47500,47499,63,-158902.234375,7487,1.0023735761642456
476000,617.9962,0.0,1e-05,55212212.0,-55.43071365356445,47600,47599,63,312769.5,7501,1.0023661851882935
477000,-5.0860925,0.0,1e-05,3485188.0,-55.430511474609375,47700,47699,63,-15240.7919921875,7519,1.002365231513977
478000,-160.9409,-3.5762786865234375e-07,1e-05,6255575.5,-55.4302978515625,47800,47799,63,-51921.54296875,7533,1.0023572444915771
479000,642.5387,0.0,1e-05,5939579.5,-55.4307975769043,47900,47899,63,-21063.134765625,7549,1.0023709535598755
480000,-289.4594,4.172325134277344e-07,1e-05,3424132.5,-55.431087493896484,48000,47999,63,-5911.45654296875,7563,1.0023754835128784
481000,-2221.3193,-1.1920928955078125e-07,1e-05,25940800.0,-55.431636810302734,48100,48099,63,-271070.5625,7580,1.0023908615112305
482000,-3113.9397,0.0,1e-05,30104758.0,-55.43164825439453,48200,48199,63,214497.125,7594,1.0023897886276245
483000,-986.83563,0.0,1e-05,336603232.0,-55.43172836303711,48300,48299,63,-889197.3125,7612,1.0023926496505737
484000,-1163.8544,5.960464477539063e-08,1e-05,21290144.0,-55.43134689331055,48400,48399,63,-232291.546875,7626,1.0023843050003052
485000,-1659.7532,0.0,1e-05,81314448.0,-55.43085861206055,48500,48499,63,-304405.4375,7642,1.0023757219314575
486000,-1529.0986,1.1920928955078125e-07,1e-05,2787871.75,-55.4312858581543,48600,48599,63,-64659.66796875,7657,1.0023852586746216
487000,-2832.7368,-1.1920928955078125e-06,1e-05,23430860.0,-55.43193435668945,48700,48699,63,-10716.4375,7676,1.0023971796035767
488000,-27.79589,0.0,1e-05,57004252.0,-55.43254470825195,48800,48799,63,409550.84375,7690,1.0024175643920898
489000,-844.23737,0.0002764463424682617,1e-05,11746267.0,-55.43235397338867,48900,48899,63,-92838.6171875,7705,1.002410650253296
490000,2028.3007,0.0,1e-05,23682800.0,-55.43286895751953,49000,48999,63,-241360.109375,7719,1.0024255514144897
491000,-691.1324,0.0,1e-05,2834163.25,-55.43398666381836,49100,49099,63,-85475.828125,7735,1.0024521350860596
492000,1879.1023,1.1920928955078125e-07,1e-05,1930787.0,-55.434051513671875,49200,49199,63,17376.607421875,7748,1.0024545192718506
493000,-1343.9388,0.0,1e-05,7550800.0,-55.4351921081543,49300,49299,63,-146090.578125,7764,1.002482295036316
494000,1623.5046,0.0,1e-05,19679462.0,-55.43537521362305,49400,49399,63,-194424.40625,7778,1.0024909973144531
495000,2021.8079,1.1920928955078125e-07,1e-05,17606592.0,-55.4361457824707,49500,49499,63,-208921.984375,7794,1.002506136894226
496000,-5145.0312,-1.1920928955078125e-07,1e-05,46391272.0,-55.43544387817383,49600,49599,63,-349416.28125,7808,1.0024895668029785
497000,433.694,1.7881393432617188e-07,1e-05,8478859.0,-55.43556594848633,49700,49699,63,-129639.328125,7824,1.0024943351745605
498000,603.5421,0.0,1e-05,30226310.0,-55.436737060546875,49800,49799,63,-244745.328125,7838,1.0025241374969482
499000,-1789.2684,1.1920928955078125e-07,1e-05,539655.1875,-55.43687057495117,49900,49899,63,-33580.21484375,7854,1.0025274753570557
500000,1619.8271,-1.1920928955078125e-07,1e-05,518028704.0,-55.437068939208984,50000,49999,63,-1104183.875,7869,1.0025326013565063
